<?xml version="1.0" encoding="UTF-8"?>
<!DOCTYPE checkstyle-metadata PUBLIC
"-//eclipse-cs//DTD Check Metadata 1.1//EN"
"http://eclipse-cs.sourceforge.net/dtds/checkstyle-metadata_1_1.dtd">
<checkstyle-metadata>
    <rule-group-metadata name="%Metrics.group" priority="1200">

        <rule-metadata name="%BooleanExpressionComplexity.name" internal-name="BooleanExpressionComplexity"
            parent="TreeWalker">
            <alternative-name internal-name="com.puppycrawl.tools.checkstyle.checks.metrics.BooleanExpressionComplexityCheck" />
            <description>%BooleanExpressionComplexity.desc</description>
            <property-metadata name="max" datatype="Integer" default-value="3">
                <description>%BooleanExpressionComplexity.max</description>
            </property-metadata>
            <property-metadata name="tokens" datatype="MultiCheck" default-value="LAND,BAND,LOR,BOR,BXOR">
                <description>%BooleanExpressionComplexity.tokens</description>
                <enumeration>
                    <property-value-option value="LAND" />
                    <property-value-option value="BAND" />
                    <property-value-option value="LOR" />
                    <property-value-option value="BOR" />
                    <property-value-option value="BXOR" />
                </enumeration>
            </property-metadata>
            <message-key key="booleanExpressionComplexity" />
        </rule-metadata>

        <rule-metadata name="%ClassDataAbstractionCoupling.name" internal-name="ClassDataAbstractionCoupling"
            parent="TreeWalker">
            <alternative-name internal-name="com.puppycrawl.tools.checkstyle.checks.metrics.ClassDataAbstractionCouplingCheck" />
            <description>%ClassDataAbstractionCoupling.desc</description>
            <property-metadata name="max" datatype="Integer" default-value="7">
                <description>%ClassDataAbstractionCoupling.max</description>
            </property-metadata>
            <property-metadata name="excludedClasses" datatype="String"
                default-value="boolean, byte, char, double, float, int, long, short, void, Boolean, Byte, Character, Double, Float, Integer, Long, Short, Void, Object, Class, String, StringBuffer, StringBuilder, ArrayIndexOutOfBoundsException, Exception, RuntimeException, IllegalArgumentException, IllegalStateException, IndexOutOfBoundsException, NullPointerException, Throwable, SecurityException, UnsupportedOperationException, List, ArrayList, Deque, Queue, LinkedList, Set, HashSet, SortedSet, TreeSet, Map, HashMap, SortedMap, TreeMap, Override, Deprecated, SafeVarargs, SuppressWarnings, FunctionalInterface">
                <description>%ClassDataAbstractionCoupling.excludedClasses</description>
            </property-metadata>
            <property-metadata name="excludeClassesRegexps" datatype="Regex" default-value="^$">
                <description>%ClassDataAbstractionCoupling.excludeClassesRegexps</description>
            </property-metadata>
            <property-metadata name="excludedPackages" datatype="String" default-value="">
                <description>%ClassDataAbstractionCoupling.excludedPackages</description>
            </property-metadata>
            <message-key key="classDataAbstractionCoupling" />
        </rule-metadata>

        <rule-metadata name="%ClassFanOutComplexity.name" internal-name="ClassFanOutComplexity" parent="TreeWalker">
            <alternative-name internal-name="com.puppycrawl.tools.checkstyle.checks.metrics.ClassFanOutComplexityCheck" />
            <description>%ClassFanOutComplexity.desc</description>
            <property-metadata name="max" datatype="Integer" default-value="20">
                <description>%ClassFanOutComplexity.max</description>
            </property-metadata>
            <property-metadata name="excludedClasses" datatype="String"
                default-value="boolean, byte, char, double, float, int, long, short, void, Boolean, Byte, Character, Double, Float, Integer, Long, Short, Void, Object, Class, String, StringBuffer, StringBuilder, ArrayIndexOutOfBoundsException, Exception, RuntimeException, IllegalArgumentException, IllegalStateException, IndexOutOfBoundsException, NullPointerException, Throwable, SecurityException, UnsupportedOperationException, List, ArrayList, Deque, Queue, LinkedList, Set, HashSet, SortedSet, TreeSet, Map, HashMap, SortedMap, TreeMap, Override, Deprecated, SafeVarargs, SuppressWarnings, FunctionalInterface">
                <description>%ClassFanOutComplexity.excludedClasses</description>
            </property-metadata>
            <property-metadata name="excludeClassesRegexps" datatype="Regex" default-value="^$">
                <description>%ClassFanOutComplexity.excludeClassesRegexps</description>
            </property-metadata>
            <property-metadata name="excludedPackages" datatype="String" default-value="">
                <description>%ClassFanOutComplexity.excludedPackages</description>
            </property-metadata>
            <message-key key="classFanOutComplexity" />
        </rule-metadata>

        <rule-metadata name="%CyclomaticComplexity.name" internal-name="CyclomaticComplexity" parent="TreeWalker">
            <alternative-name internal-name="com.puppycrawl.tools.checkstyle.checks.metrics.CyclomaticComplexityCheck" />
            <description>%CyclomaticComplexity.desc</description>
            <property-metadata name="max" datatype="Integer" default-value="10">
                <description>%CyclomaticComplexity.max</description>
            </property-metadata>
            <property-metadata name="switchBlockAsSingleDecisionPoint" datatype="Boolean"
                default-value="false">
                <description>%CyclomaticComplexity.switchBlockAsSingleDecisionPoint</description>
            </property-metadata>
            <property-metadata name="tokens" datatype="MultiCheck" default-value="LITERAL_WHILE,LITERAL_DO,LITERAL_FOR,LITERAL_IF,LITERAL_SWITCH,LITERAL_CASE,LITERAL_CATCH,QUESTION,LAND,LOR">
                <description>%CyclomaticComplexity.tokens</description>
                <enumeration>
                    <property-value-option value="LITERAL_WHILE" />
                    <property-value-option value="LITERAL_DO" />
                    <property-value-option value="LITERAL_FOR" />
                    <property-value-option value="LITERAL_IF" />
                    <property-value-option value="LITERAL_SWITCH" />
                    <property-value-option value="LITERAL_CASE" />
                    <property-value-option value="LITERAL_CATCH" />
                    <property-value-option value="QUESTION" />
                    <property-value-option value="LAND" />
                    <property-value-option value="LOR" />
                </enumeration>
            </property-metadata>
            <message-key key="cyclomaticComplexity" />
        </rule-metadata>

        <rule-metadata name="%JavaNCSS.name" internal-name="JavaNCSS" parent="TreeWalker">
            <alternative-name internal-name="com.puppycrawl.tools.checkstyle.checks.metrics.JavaNCSSCheck" />
            <description>%JavaNCSS.desc</description>
            <property-metadata name="methodMaximum" datatype="Integer" default-value="50">
                <description>%JavaNCSS.methodMaximum</description>
            </property-metadata>
            <property-metadata name="classMaximum" datatype="Integer" default-value="1500">
                <description>%JavaNCSS.classMaximum</description>
            </property-metadata>
            <property-metadata name="fileMaximum" datatype="Integer" default-value="2000">
                <description>%JavaNCSS.fileMaximum</description>
            </property-metadata>
            <message-key key="ncss.method" />
            <message-key key="ncss.class" />
            <message-key key="ncss.file" />
        </rule-metadata>

        <rule-metadata name="%NPathComplexity.name" internal-name="NPathComplexity" parent="TreeWalker">
            <alternative-name internal-name="com.puppycrawl.tools.checkstyle.checks.metrics.NPathComplexityCheck" />
            <description>%NPathComplexity.desc</description>
            <property-metadata name="max" datatype="Integer" default-value="200">
                <description>%NPathComplexity.max</description>
            </property-metadata>
            <message-key key="npathComplexity" />
        </rule-metadata>

    </rule-group-metadata>
</checkstyle-metadata>
