<?xml version="1.0" encoding="UTF-8"?>
<!DOCTYPE checkstyle-metadata PUBLIC
"-//eclipse-cs//DTD Check Metadata 1.1//EN"
"http://eclipse-cs.sourceforge.net/dtds/checkstyle-metadata_1_1.dtd">
<checkstyle-metadata>
    <rule-group-metadata name="%Coding.group" priority="900">

        <rule-metadata name="%AvoidDoubleBraceInitialization.name" internal-name="AvoidDoubleBraceInitialization"
            parent="TreeWalker">
            <alternative-name internal-name="com.puppycrawl.tools.checkstyle.checks.coding.AvoidDoubleBraceInitializationCheck" />
            <description>%AvoidDoubleBraceInitialization.desc</description>
            <message-key key="avoid.double.brace.init" />
        </rule-metadata>

        <rule-metadata name="%AvoidInlineConditionals.name" internal-name="AvoidInlineConditionals"
            parent="TreeWalker">
            <alternative-name internal-name="com.puppycrawl.tools.checkstyle.checks.coding.AvoidInlineConditionalsCheck" />
            <description>%AvoidInlineConditionals.desc</description>
            <message-key key="inline.conditional.avoid" />
        </rule-metadata>

        <rule-metadata name="%AvoidNoArgumentSuperConstructorCall.name" internal-name="AvoidNoArgumentSuperConstructorCall"
            parent="TreeWalker">
            <alternative-name internal-name="com.puppycrawl.tools.checkstyle.checks.coding.AvoidNoArgumentSuperConstructorCallCheck" />
            <description>%AvoidNoArgumentSuperConstructorCall.desc</description>
            <message-key key="super.constructor.call" />
        </rule-metadata>

        <rule-metadata name="%CovariantEquals.name" internal-name="CovariantEquals" parent="TreeWalker">
            <alternative-name internal-name="com.puppycrawl.tools.checkstyle.checks.coding.CovariantEqualsCheck" />
            <description>%CovariantEquals.desc</description>
            <message-key key="covariant.equals" />
        </rule-metadata>

        <rule-metadata name="%DefaultComesLast.name" internal-name="DefaultComesLast" parent="TreeWalker">
            <alternative-name internal-name="com.puppycrawl.tools.checkstyle.checks.coding.DefaultComesLastCheck" />
            <description>%DefaultComesLast.desc</description>
            <property-metadata name="skipIfLastAndSharedWithCase" datatype="Boolean" default-value="false">
                <description>%DefaultComesLast.skipIfLastAndSharedWithCase</description>
            </property-metadata>
            <quickfix classname="net.sf.eclipsecs.ui.quickfixes.coding.DefaultComesLastQuickfix" />
            <message-key key="default.comes.last" />
            <message-key key="default.comes.last.in.casegroup" />
        </rule-metadata>

        <rule-metadata name="%DeclarationOrder.name" internal-name="DeclarationOrder" parent="TreeWalker">
            <alternative-name internal-name="com.puppycrawl.tools.checkstyle.checks.coding.DeclarationOrderCheck" />
            <description>%DeclarationOrder.desc</description>
            <property-metadata name="ignoreConstructors" datatype="Boolean" default-value="false">
                <description>%DeclarationOrder.ignoreConstructors</description>
            </property-metadata>
            <property-metadata name="ignoreModifiers" datatype="Boolean" default-value="false">
                <description>%DeclarationOrder.ignoreModifiers</description>
            </property-metadata>
            <message-key key="declaration.order.constructor" />
            <message-key key="declaration.order.static" />
            <message-key key="declaration.order.instance" />
            <message-key key="declaration.order.access" />
        </rule-metadata>

        <rule-metadata name="%EmptyStatement.name" internal-name="EmptyStatement" parent="TreeWalker">
            <alternative-name internal-name="com.puppycrawl.tools.checkstyle.checks.coding.EmptyStatementCheck" />
            <description>%EmptyStatement.desc</description>
            <quickfix classname="net.sf.eclipsecs.ui.quickfixes.coding.EmptyStatementQuickfix" />
            <message-key key="empty.statement" />
        </rule-metadata>

        <rule-metadata name="%EqualsAvoidNull.name" internal-name="EqualsAvoidNull" parent="TreeWalker">
            <alternative-name internal-name="com.puppycrawl.tools.checkstyle.checks.coding.EqualsAvoidNullCheck" />
            <description>%EqualsAvoidNull.desc</description>
            <property-metadata name="ignoreEqualsIgnoreCase" datatype="Boolean" default-value="false">
                <description>%EqualsAvoidNull.ignoreEqualsIgnoreCase</description>
            </property-metadata>
            <message-key key="equals.avoid.null" />
            <message-key key="equalsIgnoreCase.avoid.null" />
        </rule-metadata>

        <rule-metadata name="%EqualsHashCode.name" internal-name="EqualsHashCode" parent="TreeWalker">
            <alternative-name internal-name="com.puppycrawl.tools.checkstyle.checks.coding.EqualsHashCodeCheck" />
            <description>%EqualsHashCode.desc</description>
            <message-key key="equals.noHashCode" />
            <message-key key="equals.noEquals" />
        </rule-metadata>

        <rule-metadata name="%ExplicitInitialization.name" internal-name="ExplicitInitialization" parent="TreeWalker">
            <alternative-name internal-name="com.puppycrawl.tools.checkstyle.checks.coding.ExplicitInitializationCheck" />
            <description>%ExplicitInitialization.desc</description>
            <property-metadata name="onlyObjectReferences" datatype="Boolean" default-value="false">
                <description>%ExplicitInitialization.onlyObjectReferences</description>
            </property-metadata>
            <quickfix classname="net.sf.eclipsecs.ui.quickfixes.coding.ExplicitInitializationQuickfix" />
            <message-key key="explicit.init" />
        </rule-metadata>

        <rule-metadata name="%FallThrough.name" internal-name="FallThrough" parent="TreeWalker">
            <alternative-name internal-name="com.puppycrawl.tools.checkstyle.checks.coding.FallThroughCheck" />
            <description>%FallThrough.desc</description>
            <property-metadata name="checkLastCaseGroup" datatype="Boolean" default-value="false">
                <description>%FallThrough.checkLastCaseGroup</description>
            </property-metadata>
            <property-metadata name="reliefPattern" datatype="Regex" default-value="falls?[ -]?thr(u|ough)">
                <description>%FallThrough.reliefPattern</description>
            </property-metadata>
            <message-key key="fall.through" />
            <message-key key="fall.through.last" />
        </rule-metadata>

        <rule-metadata name="%FinalLocalVariable.name" internal-name="FinalLocalVariable" parent="TreeWalker">
            <alternative-name internal-name="com.puppycrawl.tools.checkstyle.checks.coding.FinalLocalVariableCheck" />
            <description>%FinalLocalVariable.desc</description>
            <property-metadata name="tokens" datatype="MultiCheck" default-value="VARIABLE_DEF">
                <description>%FinalLocalVariable.tokens</description>
                <enumeration>
                    <property-value-option value="PARAMETER_DEF" />
                    <property-value-option value="VARIABLE_DEF" />
                </enumeration>
            </property-metadata>
            <property-metadata name="validateEnhancedForLoopVariable" datatype="Boolean"
                default-value="false">
                <description>%FinalLocalVariable.validateEnhancedForLoopVariable</description>
            </property-metadata>
            <quickfix classname="net.sf.eclipsecs.ui.quickfixes.coding.FinalLocalVariableQuickfix" />
            <message-key key="final.variable" />
        </rule-metadata>

        <rule-metadata name="%HiddenField.name" internal-name="HiddenField" parent="TreeWalker">
            <alternative-name internal-name="com.puppycrawl.tools.checkstyle.checks.coding.HiddenFieldCheck" />
            <description>%HiddenField.desc</description>
            <property-metadata name="tokens" datatype="MultiCheck" default-value="VARIABLE_DEF,PARAMETER_DEF,PATTERN_VARIABLE_DEF,LAMBDA">
                <description>%HiddenField.tokens</description>
                <enumeration>
                    <property-value-option value="PARAMETER_DEF" />
                    <property-value-option value="VARIABLE_DEF" />
                    <property-value-option value="PATTERN_VARIABLE_DEF" />
                    <property-value-option value="LAMBDA"/>
                </enumeration>
            </property-metadata>
            <property-metadata name="ignoreFormat" datatype="Regex">
                <description>%HiddenField.ignoreFormat</description>
            </property-metadata>
            <property-metadata name="ignoreConstructorParameter" datatype="Boolean" default-value="false">
                <description>%HiddenField.ignoreConstructorParameter</description>
            </property-metadata>
            <property-metadata name="ignoreSetter" datatype="Boolean" default-value="false">
                <description>%HiddenField.ignoreSetter</description>
            </property-metadata>
            <property-metadata name="setterCanReturnItsClass" datatype="Boolean" default-value="false">
                <description>%HiddenField.setterCanReturnItsClass</description>
            </property-metadata>
            <property-metadata name="ignoreAbstractMethods" datatype="Boolean" default-value="false">
                <description>%HiddenField.ignoreAbstractMethods</description>
            </property-metadata>
            <message-key key="hidden.field" />
        </rule-metadata>

        <rule-metadata name="%IllegalInstantiation.name" internal-name="IllegalInstantiation" parent="TreeWalker">
            <alternative-name internal-name="com.puppycrawl.tools.checkstyle.checks.coding.IllegalInstantiationCheck" />
            <description>%IllegalInstantiation.desc</description>
            <property-metadata name="classes" datatype="String">
                <description>%IllegalInstantiation.classes</description>
            </property-metadata>
            <property-metadata name="tokens" datatype="MultiCheck"
                default-value="CLASS_DEF">
                <description>%IllegalInstantiation.tokens</description>
                <enumeration>
                    <property-value-option value="CLASS_DEF"/>
                </enumeration>
            </property-metadata>
            <message-key key="instantiation.avoid" />
        </rule-metadata>

        <rule-metadata name="%IllegalCatch.name" internal-name="IllegalCatch" parent="TreeWalker">
            <alternative-name internal-name="com.puppycrawl.tools.checkstyle.checks.coding.IllegalCatchCheck" />
            <description>%IllegalCatch.desc</description>
            <property-metadata name="illegalClassNames" datatype="String"
                default-value="java.lang.Exception, java.lang.Throwable, java.lang.RuntimeException">
                <description>%IllegalCatch.illegalClassNames</description>
            </property-metadata>
            <message-key key="illegal.catch" />
        </rule-metadata>

        <rule-metadata name="%IllegalThrows.name" internal-name="IllegalThrows" parent="TreeWalker">
            <alternative-name internal-name="com.puppycrawl.tools.checkstyle.checks.coding.IllegalThrowsCheck" />
            <description>%IllegalThrows.desc</description>
            <property-metadata name="illegalClassNames" datatype="String"
                default-value="java.lang.Throwable, java.lang.Error, java.lang.RuntimeException">
                <description>%IllegalThrows.illegalClassNames</description>
            </property-metadata>
            <property-metadata name="ignoredMethodNames" datatype="String" default-value="finalize">
                <description>%IllegalThrows.ignoredMethodNames</description>
            </property-metadata>
            <property-metadata name="ignoreOverriddenMethods" datatype="Boolean" default-value="true">
                <description>%IllegalThrows.ignoreOverriddenMethods</description>
            </property-metadata>
            <message-key key="illegal.throw" />
        </rule-metadata>

        <rule-metadata name="%IllegalToken.name" internal-name="IllegalToken" parent="TreeWalker">
            <alternative-name internal-name="com.puppycrawl.tools.checkstyle.checks.coding.IllegalTokenCheck" />
            <description>%IllegalToken.desc</description>
            <property-metadata name="tokens" datatype="MultiCheck" default-value="LABELED_STAT">
                <description>%IllegalToken.tokens</description>
                <enumeration option-provider="net.sf.eclipsecs.core.config.meta.AllTokensProvider" />
            </property-metadata>
            <message-key key="illegal.token" />
        </rule-metadata>

        <rule-metadata name="%IllegalTokenText.name" internal-name="IllegalTokenText" parent="TreeWalker">
            <alternative-name internal-name="com.puppycrawl.tools.checkstyle.checks.coding.IllegalTokenTextCheck" />
            <description>%IllegalTokenText.desc</description>
            <property-metadata name="tokens" datatype="MultiCheck">
                <description>%IllegalTokenText.tokens</description>
                <enumeration>
                    <property-value-option value="NUM_DOUBLE"/>
                    <property-value-option value="NUM_FLOAT"/>
                    <property-value-option value="NUM_INT"/>
                    <property-value-option value="NUM_LONG"/>
                    <property-value-option value="IDENT"/>
                    <property-value-option value="COMMENT_CONTENT"/>
                    <property-value-option value="STRING_LITERAL"/>
                    <property-value-option value="CHAR_LITERAL"/>
                </enumeration>
            </property-metadata>
            <property-metadata name="format" datatype="Regex" default-value="^$">
                <description>%IllegalTokenText.format</description>
            </property-metadata>
            <property-metadata name="ignoreCase" datatype="Boolean" default-value="false">
                <description>%IllegalTokenText.ignoreCase</description>
            </property-metadata>
            <property-metadata name="message" datatype="String">
                <description>%IllegalTokenText.message</description>
            </property-metadata>
            <message-key key="illegal.token.text" />
        </rule-metadata>

        <rule-metadata name="%IllegalType.name" internal-name="IllegalType" parent="TreeWalker">
            <alternative-name internal-name="com.puppycrawl.tools.checkstyle.checks.coding.IllegalTypeCheck" />
            <description>%IllegalType.desc</description>
            <property-metadata name="validateAbstractClassNames" datatype="Boolean" default-value="true">
                <description>%IllegalType.validateAbstractClassNames</description>
            </property-metadata>
            <property-metadata name="tokens" datatype="MultiCheck" default-value="ANNOTATION_FIELD_DEF,CLASS_DEF,INTERFACE_DEF,METHOD_CALL,METHOD_DEF,METHOD_REF,PARAMETER_DEF,VARIABLE_DEF,PATTERN_VARIABLE_DEF">
                <description>%IllegalType.tokens</description>
                <enumeration>
                    <property-value-option value="ANNOTATION_FIELD_DEF" />
                    <property-value-option value="CLASS_DEF" />
                    <property-value-option value="INTERFACE_DEF" />
                    <property-value-option value="METHOD_CALL" />
                    <property-value-option value="METHOD_DEF" />
                    <property-value-option value="METHOD_REF" />
                    <property-value-option value="PARAMETER_DEF" />
                    <property-value-option value="VARIABLE_DEF" />
                    <property-value-option value="PATTERN_VARIABLE_DEF" />
                </enumeration>
            </property-metadata>
            <property-metadata name="illegalClassNames" datatype="String"
                default-value="java.util.GregorianCalendar, java.util.Hashtable, java.util.HashSet, java.util.HashMap, java.util.ArrayList, java.util.LinkedList, java.util.LinkedHashMap, java.util.LinkedHashSet, java.util.TreeSet, java.util.TreeMap, java.util.Vector">
                <description>%IllegalType.illegalClassNames</description>
            </property-metadata>
            <property-metadata name="legalAbstractClassNames" datatype="String">
                <description>%IllegalType.legalAbstractClassNames</description>
            </property-metadata>
            <property-metadata name="ignoredMethodNames" datatype="String" default-value="getInitialContext, getEnvironment">
                <description>%IllegalType.ignoredMethodNames</description>
            </property-metadata>
            <property-metadata name="illegalAbstractClassNameFormat" datatype="Regex" default-value="^(.*[\.])?Abstract.*$">
                <description>%IllegalType.illegalAbstractClassNameFormat</description>
            </property-metadata>
            <property-metadata name="memberModifiers" datatype="MultiCheck">
                <description>%IllegalType.memberModifiers</description>
                <enumeration>
                    <property-value-option value="LITERAL_PUBLIC" />
                    <property-value-option value="LITERAL_PROTECTED" />
                    <property-value-option value="LITERAL_PRIVATE" />
                    <property-value-option value="ABSTRACT" />
                    <property-value-option value="LITERAL_STATIC" />
                    <property-value-option value="FINAL" />
                    <property-value-option value="LITERAL_TRANSIENT" />
                    <property-value-option value="LITERAL_VOLATILE" />
                    <property-value-option value="LITERAL_SYNCHRONIZED" />
                    <property-value-option value="LITERAL_NATIVE" />
                    <property-value-option value="STRICTFP" />
                    <property-value-option value="ANNOTATION" />
                    <property-value-option value="LITERAL_DEFAULT" />
                </enumeration>
            </property-metadata>
            <message-key key="illegal.type" />
        </rule-metadata>

        <rule-metadata name="%InnerAssignment.name" internal-name="InnerAssignment" parent="TreeWalker">
            <alternative-name internal-name="com.puppycrawl.tools.checkstyle.checks.coding.InnerAssignmentCheck" />
            <description>%InnerAssignment.desc</description>
            <message-key key="assignment.inner.avoid" />
        </rule-metadata>

        <rule-metadata name="%MagicNumber.name" internal-name="MagicNumber" parent="TreeWalker">
            <alternative-name internal-name="com.puppycrawl.tools.checkstyle.checks.coding.MagicNumberCheck" />
            <description>%MagicNumber.desc</description>
            <property-metadata name="tokens" datatype="MultiCheck" default-value="NUM_DOUBLE,NUM_FLOAT,NUM_INT,NUM_LONG">
                <description>%MagicNumber.tokens</description>
                <enumeration>
                    <property-value-option value="NUM_DOUBLE" />
                    <property-value-option value="NUM_FLOAT" />
                    <property-value-option value="NUM_INT" />
                    <property-value-option value="NUM_LONG" />
                </enumeration>
            </property-metadata>
            <property-metadata name="ignoreNumbers" datatype="String" default-value="-1, 0, 1, 2">
                <description>%MagicNumber.ignoreNumbers</description>
            </property-metadata>
            <property-metadata name="ignoreHashCodeMethod" datatype="Boolean" default-value="false">
                <description>%MagicNumber.ignoreHashCodeMethod</description>
            </property-metadata>
            <property-metadata name="ignoreAnnotation" datatype="Boolean" default-value="false">
                <description>%MagicNumber.ignoreAnnotation</description>
            </property-metadata>
            <property-metadata name="ignoreAnnotationElementDefaults" datatype="Boolean" default-value="true">
                <description>%MagicNumber.ignoreAnnotationElementDefaults</description>
            </property-metadata>
            <property-metadata name="ignoreFieldDeclaration" datatype="Boolean" default-value="false">
                <description>%MagicNumber.ignoreFieldDeclaration</description>
            </property-metadata>
            <property-metadata name="constantWaiverParentToken" datatype="MultiCheck"
                default-value="ASSIGN,ARRAY_INIT,EXPR,UNARY_PLUS,UNARY_MINUS,TYPECAST,ELIST,STAR,DIV,PLUS,MINUS,LITERAL_NEW,METHOD_CALL">
                <description>%MagicNumber.constantWaiverParentToken</description>
                <enumeration option-provider="net.sf.eclipsecs.core.config.meta.AllTokensProvider" />
            </property-metadata>
            <message-key key="magic.number" />
        </rule-metadata>

        <rule-metadata name="%MissingCtor.name" internal-name="MissingCtor" parent="TreeWalker">
            <alternative-name internal-name="com.puppycrawl.tools.checkstyle.checks.coding.MissingCtorCheck" />
            <description>%MissingCtor.desc</description>
            <message-key key="missing.ctor" />
        </rule-metadata>

        <rule-metadata name="%MissingSwitchDefault.name" internal-name="MissingSwitchDefault" parent="TreeWalker">
            <alternative-name internal-name="com.puppycrawl.tools.checkstyle.checks.coding.MissingSwitchDefaultCheck" />
            <description>%MissingSwitchDefault.desc</description>
            <quickfix classname="net.sf.eclipsecs.ui.quickfixes.coding.MissingSwitchDefaultQuickfix" />
            <message-key key="missing.switch.default" />
        </rule-metadata>

        <rule-metadata name="%ModifiedControlVariable.name" internal-name="ModifiedControlVariable"
            parent="TreeWalker">
            <alternative-name internal-name="com.puppycrawl.tools.checkstyle.checks.coding.ModifiedControlVariableCheck" />
            <description>%ModifiedControlVariable.desc</description>
            <property-metadata name="skipEnhancedForLoopVariable" datatype="Boolean" default-value="false">
                <description>%ModifiedControlVariable.skipEnhancedForLoopVariable</description>
            </property-metadata>
            <message-key key="modified.control.variable" />
        </rule-metadata>

        <rule-metadata name="%MultipleStringLiterals.name" internal-name="MultipleStringLiterals" parent="TreeWalker">
            <alternative-name internal-name="com.puppycrawl.tools.checkstyle.checks.coding.MultipleStringLiteralsCheck" />
            <description>%MultipleStringLiterals.desc</description>
            <property-metadata name="allowedDuplicates" datatype="Integer" default-value="1">
                <description>%MultipleStringLiterals.allowedDuplicates</description>
            </property-metadata>
            <property-metadata name="ignoreStringsRegexp" datatype="Regex" default-value="^&quot;&quot;$">
                <description>%MultipleStringLiterals.ignoreStringsRegexp</description>
            </property-metadata>
            <property-metadata name="ignoreOccurrenceContext" datatype="MultiCheck" default-value="ANNOTATION">
                <description>%MultipleStringLiterals.ignoreOccurrenceContext</description>
                <enumeration option-provider="net.sf.eclipsecs.core.config.meta.AllTokensProvider" />
            </property-metadata>
            <message-key key="multiple.string.literal" />
        </rule-metadata>

        <rule-metadata name="%MultipleVariableDeclarations.name" internal-name="MultipleVariableDeclarations"
            parent="TreeWalker">
            <alternative-name internal-name="com.puppycrawl.tools.checkstyle.checks.coding.MultipleVariableDeclarationsCheck" />
            <description>%MultipleVariableDeclarations.desc</description>
            <message-key key="multiple.variable.declarations.comma" />
            <message-key key="multiple.variable.declarations" />
        </rule-metadata>

        <rule-metadata name="%NestedForDepth.name" internal-name="NestedForDepth" parent="TreeWalker">
            <alternative-name internal-name="com.puppycrawl.tools.checkstyle.checks.coding.NestedForDepthCheck" />
            <description>%NestedForDepth.desc</description>
            <property-metadata name="max" datatype="Integer" default-value="1">
                <description>%NestedForDepth.max</description>
            </property-metadata>
            <message-key key="nested.for.depth" />
        </rule-metadata>

        <rule-metadata name="%NestedIfDepth.name" internal-name="NestedIfDepth" parent="TreeWalker">
            <alternative-name internal-name="com.puppycrawl.tools.checkstyle.checks.coding.NestedIfDepthCheck" />
            <description>%NestedIfDepth.desc</description>
            <property-metadata name="max" datatype="Integer" default-value="1">
                <description>%NestedIfDepth.max</description>
            </property-metadata>
            <message-key key="nested.if.depth" />
        </rule-metadata>

        <rule-metadata name="%NestedTryDepth.name" internal-name="NestedTryDepth" parent="TreeWalker">
            <alternative-name internal-name="com.puppycrawl.tools.checkstyle.checks.coding.NestedTryDepthCheck" />
            <description>%NestedTryDepth.desc</description>
            <property-metadata name="max" datatype="Integer" default-value="1">
                <description>%NestedTryDepth.max</description>
            </property-metadata>
            <message-key key="nested.try.depth" />
        </rule-metadata>

        <rule-metadata name="%NoArrayTrailingComma.name" internal-name="NoArrayTrailingComma" parent="TreeWalker">
            <alternative-name internal-name="com.puppycrawl.tools.checkstyle.checks.coding.NoArrayTrailingCommaCheck" />
            <description>%NoArrayTrailingComma.desc</description>
            <message-key key="no.array.trailing.comma" />
        </rule-metadata>

        <rule-metadata name="%NoClone.name" internal-name="NoClone" parent="TreeWalker">
            <alternative-name internal-name="com.puppycrawl.tools.checkstyle.checks.coding.NoCloneCheck" />
            <description>%NoClone.desc</description>
            <message-key key="avoid.clone.method" />
        </rule-metadata>

        <rule-metadata name="%NoEnumTrailingComma.name" internal-name="NoEnumTrailingComma" parent="TreeWalker">
            <alternative-name internal-name="com.puppycrawl.tools.checkstyle.checks.coding.NoEnumTrailingCommaCheck" />
            <description>%NoEnumTrailingComma.desc</description>
            <message-key key="no.enum.trailing.comma" />
        </rule-metadata>

        <rule-metadata name="%NoFinalizer.name" internal-name="NoFinalizer" parent="TreeWalker">
            <alternative-name internal-name="com.puppycrawl.tools.checkstyle.checks.coding.NoFinalizerCheck" />
            <description>%NoFinalizer.desc</description>
            <message-key key="avoid.finalizer.method" />
        </rule-metadata>

        <rule-metadata name="%PackageDeclaration.name" internal-name="PackageDeclaration" parent="TreeWalker">
            <alternative-name internal-name="com.puppycrawl.tools.checkstyle.checks.coding.PackageDeclarationCheck" />
            <description>%PackageDeclaration.desc</description>
            <property-metadata name="matchDirectoryStructure" datatype="Boolean" default-value="true">
                <description>%PackageDeclaration.matchDirectoryStructure</description>
            </property-metadata>
            <message-key key="missing.package.declaration" />
            <message-key key="mismatch.package.directory" />
        </rule-metadata>

        <rule-metadata name="%ParameterAssignment.name" internal-name="ParameterAssignment" parent="TreeWalker">
            <alternative-name internal-name="com.puppycrawl.tools.checkstyle.checks.coding.ParameterAssignmentCheck" />
            <description>%ParameterAssignment.desc</description>
            <message-key key="parameter.assignment" />
        </rule-metadata>

        <rule-metadata name="%RequireThis.name" internal-name="RequireThis" parent="TreeWalker">
            <alternative-name internal-name="com.puppycrawl.tools.checkstyle.checks.coding.RequireThisCheck" />
            <description>%RequireThis.desc</description>
            <property-metadata name="checkFields" datatype="Boolean" default-value="true">
                <description>%RequireThis.checkFields</description>
            </property-metadata>
            <property-metadata name="checkMethods" datatype="Boolean" default-value="true">
                <description>%RequireThis.checkMethods</description>
            </property-metadata>
            <property-metadata name="validateOnlyOverlapping" datatype="Boolean" default-value="true">
                <description>%RequireThis.validateOnlyOverlapping</description>
            </property-metadata>
            <quickfix classname="net.sf.eclipsecs.ui.quickfixes.coding.RequireThisQuickfix" />
            <message-key key="require.this.variable" />
            <message-key key="require.this.method" />
        </rule-metadata>

        <rule-metadata name="%ReturnCount.name" internal-name="ReturnCount" parent="TreeWalker">
            <alternative-name internal-name="com.puppycrawl.tools.checkstyle.checks.coding.ReturnCountCheck" />
            <description>%ReturnCount.desc</description>
            <property-metadata name="max" datatype="Integer" default-value="2">
                <description>%ReturnCount.max</description>
            </property-metadata>
            <property-metadata name="maxForVoid" datatype="Integer" default-value="1">
                <description>%ReturnCount.maxForVoid</description>
            </property-metadata>
            <property-metadata name="format" datatype="Regex" default-value="^equals$ (empty)">
                <description>%ReturnCount.format</description>
            </property-metadata>
            <property-metadata name="tokens" datatype="MultiCheck"
                default-value="CTOR_DEF,METHOD_DEF,LAMBDA">
                <description>%ReturnCount.tokens</description>
                <enumeration>
                    <property-value-option value="CTOR_DEF"/>
                    <property-value-option value="METHOD_DEF"/>
                    <property-value-option value="LAMBDA"/>
                </enumeration>
            </property-metadata>
            <message-key key="return.count" />
            <message-key key="return.countVoid" />
        </rule-metadata>

        <rule-metadata name="%SimplifyBooleanExpression.name" internal-name="SimplifyBooleanExpression"
            parent="TreeWalker">
            <alternative-name internal-name="com.puppycrawl.tools.checkstyle.checks.coding.SimplifyBooleanExpressionCheck" />
            <description>%SimplifyBooleanExpression.desc</description>
            <message-key key="simplify.expression" />
        </rule-metadata>

        <rule-metadata name="%SimplifyBooleanReturn.name" internal-name="SimplifyBooleanReturn" parent="TreeWalker">
            <alternative-name internal-name="com.puppycrawl.tools.checkstyle.checks.coding.SimplifyBooleanReturnCheck" />
            <description>%SimplifyBooleanReturn.desc</description>
            <quickfix classname="net.sf.eclipsecs.ui.quickfixes.coding.SimplifyBooleanReturnQuickfix" />
            <message-key key="simplify.boolReturn" />
        </rule-metadata>

        <rule-metadata name="%StringLiteralEquality.name" internal-name="StringLiteralEquality" parent="TreeWalker">
            <alternative-name internal-name="com.puppycrawl.tools.checkstyle.checks.coding.StringLiteralEqualityCheck" />
            <description>%StringLiteralEquality.desc</description>
            <quickfix classname="net.sf.eclipsecs.ui.quickfixes.coding.StringLiteralEqualityQuickfix" />
            <message-key key="string.literal.equality" />
        </rule-metadata>

        <rule-metadata name="%SuperClone.name" internal-name="SuperClone" parent="TreeWalker">
            <alternative-name internal-name="com.puppycrawl.tools.checkstyle.checks.coding.SuperCloneCheck" />
            <description>%SuperClone.desc</description>
            <message-key key="missing.super.call" />
        </rule-metadata>

        <rule-metadata name="%SuperFinalize.name" internal-name="SuperFinalize" parent="TreeWalker">
            <alternative-name internal-name="com.puppycrawl.tools.checkstyle.checks.coding.SuperFinalizeCheck" />
            <description>%SuperFinalize.desc</description>
            <message-key key="missing.super.call" />
        </rule-metadata>

        <rule-metadata name="%ArrayTrailingComma.name" internal-name="ArrayTrailingComma" parent="TreeWalker">
            <alternative-name internal-name="com.puppycrawl.tools.checkstyle.checks.coding.ArrayTrailingCommaCheck" />
            <description>%ArrayTrailingComma.desc</description>
            <property-metadata name="alwaysDemandTrailingComma" datatype="Boolean" default-value="false">
                <description>%ArrayTrailingComma.alwaysDemandTrailingComma</description>
            </property-metadata>
            <message-key key="array.trailing.comma" />
        </rule-metadata>

        <rule-metadata name="%UnnecessaryParentheses.name" internal-name="UnnecessaryParentheses" parent="TreeWalker">
            <alternative-name internal-name="com.puppycrawl.tools.checkstyle.checks.coding.UnnecessaryParenthesesCheck" />
            <description>%UnnecessaryParentheses.desc</description>
            <property-metadata name="tokens" datatype="MultiCheck"
                default-value="EXPR,IDENT,NUM_DOUBLE,NUM_FLOAT,NUM_INT,NUM_LONG,STRING_LITERAL,LITERAL_NULL,LITERAL_FALSE,LITERAL_TRUE,ASSIGN,BAND_ASSIGN,BOR_ASSIGN,BSR_ASSIGN,BXOR_ASSIGN,DIV_ASSIGN,MINUS_ASSIGN,MOD_ASSIGN,PLUS_ASSIGN,SL_ASSIGN,SR_ASSIGN,STAR_ASSIGN,LAMBDA">
                <description>%UnnecessaryParentheses.tokens</description>
                <enumeration>
                    <property-value-option value="EXPR"/>
                    <property-value-option value="IDENT"/>
                    <property-value-option value="NUM_DOUBLE"/>
                    <property-value-option value="NUM_FLOAT"/>
                    <property-value-option value="NUM_INT"/>
                    <property-value-option value="NUM_LONG"/>
                    <property-value-option value="STRING_LITERAL"/>
                    <property-value-option value="LITERAL_NULL"/>
                    <property-value-option value="LITERAL_FALSE"/>
                    <property-value-option value="LITERAL_TRUE"/>
                    <property-value-option value="ASSIGN"/>
                    <property-value-option value="BAND_ASSIGN"/>
                    <property-value-option value="BOR_ASSIGN"/>
                    <property-value-option value="BSR_ASSIGN"/>
                    <property-value-option value="BXOR_ASSIGN"/>
                    <property-value-option value="DIV_ASSIGN"/>
                    <property-value-option value="MINUS_ASSIGN"/>
                    <property-value-option value="MOD_ASSIGN"/>
                    <property-value-option value="PLUS_ASSIGN"/>
                    <property-value-option value="SL_ASSIGN"/>
                    <property-value-option value="SR_ASSIGN"/>
                    <property-value-option value="STAR_ASSIGN"/>
                    <property-value-option value="LAMBDA"/>
                </enumeration>
            </property-metadata>
            <message-key key="unnecessary.paren.ident" />
            <message-key key="unnecessary.paren.assign" />
            <message-key key="unnecessary.paren.expr" />
            <message-key key="unnecessary.paren.literal" />
            <message-key key="unnecessary.paren.string" />
            <message-key key="unnecessary.paren.return" />
            <message-key key="unnecessary.paren.lambda" />
        </rule-metadata>

        <rule-metadata name="%UnnecessarySemicolonAfterOuterTypeDeclaration.name" internal-name="UnnecessarySemicolonAfterOuterTypeDeclaration" parent="TreeWalker">
            <alternative-name internal-name="com.puppycrawl.tools.checkstyle.checks.coding.UnnecessarySemicolonAfterOuterTypeDeclarationCheck" />
            <description>%UnnecessarySemicolonAfterOuterTypeDeclaration.desc</description> 
            <property-metadata name="tokens" datatype="MultiCheck" default-value="CLASS_DEF,INTERFACE_DEF,ENUM_DEF,ANNOTATION_DEF">
                <description>%UnnecessarySemicolonAfterOuterTypeDeclaration.tokens</description>
                <enumeration>
                    <property-value-option value="CLASS_DEF"/>
                    <property-value-option value="INTERFACE_DEF"/>
                    <property-value-option value="ENUM_DEF"/>
                    <property-value-option value="ANNOTATION_DEF"/>
                </enumeration>
            </property-metadata>
            <message-key key="unnecessary.semicolon" />
        </rule-metadata>

        <rule-metadata name="%UnnecessarySemicolonAfterTypeMemberDeclaration.name" internal-name="UnnecessarySemicolonAfterTypeMemberDeclaration" parent="TreeWalker">
            <alternative-name internal-name="com.puppycrawl.tools.checkstyle.checks.coding.UnnecessarySemicolonAfterTypeMemberDeclarationCheck" />
            <description>%UnnecessarySemicolonAfterTypeMemberDeclaration.desc</description> 
            <property-metadata name="tokens" datatype="MultiCheck"
                default-value="CLASS_DEF,INTERFACE_DEF,ENUM_DEF,ANNOTATION_DEF,VARIABLE_DEF,ANNOTATION_FIELD_DEF,STATIC_INIT,INSTANCE_INIT,CTOR_DEF,METHOD_DEF,ENUM_CONSTANT_DEF">
                <description>%UnnecessarySemicolonAfterTypeMemberDeclaration.tokens</description>
                <enumeration>
                    <property-value-option value="CLASS_DEF"/>
                    <property-value-option value="INTERFACE_DEF"/>
                    <property-value-option value="ENUM_DEF"/>
                    <property-value-option value="ANNOTATION_DEF"/>
                    <property-value-option value="VARIABLE_DEF"/>
                    <property-value-option value="ANNOTATION_FIELD_DEF"/>
                    <property-value-option value="STATIC_INIT"/>
                    <property-value-option value="INSTANCE_INIT"/>
                    <property-value-option value="CTOR_DEF"/>
                    <property-value-option value="METHOD_DEF"/>
                    <property-value-option value="ENUM_CONSTANT_DEF"/>
                </enumeration>
            </property-metadata>
            <message-key key="unnecessary.semicolon" />
        </rule-metadata>
        
        <rule-metadata name="%UnnecessarySemicolonInEnumeration.name" internal-name="UnnecessarySemicolonInEnumeration" parent="TreeWalker">
            <alternative-name internal-name="com.puppycrawl.tools.checkstyle.checks.coding.UnnecessarySemicolonInEnumerationCheck" />
            <description>%UnnecessarySemicolonInEnumeration.desc</description>
            <message-key key="unnecessary.semicolon" />
        </rule-metadata>

        <rule-metadata name="%UnnecessarySemicolonInTryWithResources.name" internal-name="UnnecessarySemicolonInTryWithResources" parent="TreeWalker">
            <alternative-name internal-name="com.puppycrawl.tools.checkstyle.checks.coding.UnnecessarySemicolonInTryWithResourcesCheck" />
            <description>%UnnecessarySemicolonInTryWithResources.desc</description>
            <property-metadata name="allowWhenNoBraceAfterSemicolon" datatype="Boolean" default-value="true">
                <description>%UnnecessarySemicolonInTryWithResources.allowWhenNoBraceAfterSemicolon</description>
            </property-metadata>
            <message-key key="unnecessary.semicolon" />
        </rule-metadata>

        <rule-metadata name="%OneStatementPerLine.name" internal-name="OneStatementPerLine" parent="TreeWalker">
            <alternative-name internal-name="com.puppycrawl.tools.checkstyle.checks.coding.OneStatementPerLineCheck" />
            <description>%OneStatementPerLine.desc</description>
            <property-metadata name="treatTryResourcesAsStatement" datatype="Boolean" default-value="false">
                <description>%OneStatementPerLine.treatTryResourcesAsStatement</description>
            </property-metadata>
            <message-key key="multiple.statements.line" />
        </rule-metadata>

        <rule-metadata name="%VariableDeclarationUsageDistance.name" internal-name="VariableDeclarationUsageDistance"
            parent="TreeWalker">
            <alternative-name internal-name="com.puppycrawl.tools.checkstyle.checks.coding.VariableDeclarationUsageDistanceCheck" />
            <description>%VariableDeclarationUsageDistance.desc</description>
            <property-metadata name="allowedDistance" datatype="Integer" default-value="3">
                <description>%VariableDeclarationUsageDistance.allowedDistance</description>
            </property-metadata>
            <property-metadata name="ignoreVariablePattern" datatype="Regex">
                <description>%VariableDeclarationUsageDistance.ignoreVariablePattern</description>
            </property-metadata>
            <property-metadata name="validateBetweenScopes" datatype="Boolean" default-value="false">
                <description>%VariableDeclarationUsageDistance.validateBetweenScopes</description>
            </property-metadata>
            <property-metadata name="ignoreFinal" datatype="Boolean" default-value="true">
                <description>%VariableDeclarationUsageDistance.ignoreFinal</description>
            </property-metadata>
            <message-key key="variable.declaration.usage.distance" />
            <message-key key="variable.declaration.usage.distance.extend" />
        </rule-metadata>

        <rule-metadata name="%OverloadMethodsDeclarationOrder.name" internal-name="OverloadMethodsDeclarationOrder"
            parent="TreeWalker">
            <alternative-name internal-name="com.puppycrawl.tools.checkstyle.checks.coding.OverloadMethodsDeclarationOrderCheck" />
            <description>%OverloadMethodsDeclarationOrder.desc</description>
            <message-key key="overload.methods.declaration" />
        </rule-metadata>

    </rule-group-metadata>
</checkstyle-metadata>
