<?xml version="1.0" encoding="UTF-8"?>
<!DOCTYPE checkstyle-metadata PUBLIC
"-//eclipse-cs//DTD Check Metadata 1.1//EN"
"http://eclipse-cs.sourceforge.net/dtds/checkstyle-metadata_1_1.dtd">
<checkstyle-metadata>
    <rule-group-metadata name="%Filters.group" priority="1700">

        <rule-metadata name="%SeverityMatchFilter.name" internal-name="SeverityMatchFilter" parent="Checker"
            hasSeverity="false">
            <alternative-name internal-name="com.puppycrawl.tools.checkstyle.filters.SeverityMatchFilter"/>
            <description>%SeverityMatchFilter.desc</description>
            <property-metadata name="severity" datatype="SingleSelect" default-value="error">
                <description>%SeverityMatchFilter.severity</description>
                <enumeration>
                    <property-value-option value="error"/>
                    <property-value-option value="warning"/>
                    <property-value-option value="info"/>
                    <property-value-option value="ignore"/>
                </enumeration>
            </property-metadata>
            <property-metadata name="acceptOnMatch" datatype="Boolean" default-value="true">
                <description>%SeverityMatchFilter.acceptOnMatch</description>
            </property-metadata>
        </rule-metadata>

        <rule-metadata name="%SuppressionFilter.name" internal-name="SuppressionFilter" parent="Checker"
            hasSeverity="false">
            <alternative-name internal-name="com.puppycrawl.tools.checkstyle.filters.SuppressionFilter"/>
            <description>%SuppressionFilter.desc</description>
            <property-metadata name="file" datatype="File">
                <description>%SuppressionFilter.file</description>
            </property-metadata>
            <property-metadata name="optional" datatype="Boolean" default-value="false">
                <description>%SuppressionFilter.optional</description>
            </property-metadata>
        </rule-metadata>

        <rule-metadata name="%SuppressionCommentFilter.name" internal-name="SuppressionCommentFilter" parent="TreeWalker"
            hasSeverity="false">
            <alternative-name internal-name="com.puppycrawl.tools.checkstyle.filters.SuppressionCommentFilter"/>
            <description>%SuppressionCommentFilter.desc</description>
            <property-metadata name="offCommentFormat" datatype="Regex" default-value="CHECKSTYLE\:OFF">
                <description>%SuppressionCommentFilter.offCommentFormat</description>
            </property-metadata>
            <property-metadata name="onCommentFormat" datatype="Regex" default-value="CHECKSTYLE\:ON">
                <description>%SuppressionCommentFilter.onCommentFormat</description>
            </property-metadata>
            <property-metadata name="checkFormat" datatype="Regex" default-value=".*">
                <description>%SuppressionCommentFilter.checkFormat</description>
            </property-metadata>
            <property-metadata name="messageFormat" datatype="Regex">
                <description>%SuppressionCommentFilter.messageFormat</description>
            </property-metadata>
            <property-metadata name="idFormat" datatype="Regex">
                <description>%SuppressionCommentFilter.idFormat</description>
            </property-metadata>
            <property-metadata name="checkCPP" datatype="Boolean" default-value="true">
                <description>%SuppressionCommentFilter.checkCPP</description>
            </property-metadata>
            <property-metadata name="checkC" datatype="Boolean" default-value="true">
                <description>%SuppressionCommentFilter.checkC</description>
            </property-metadata>
        </rule-metadata>
        
        <rule-metadata name="%SuppressWithNearbyCommentFilter.name" internal-name="SuppressWithNearbyCommentFilter" parent="TreeWalker"
            hasSeverity="false">
            <alternative-name internal-name="com.puppycrawl.tools.checkstyle.filters.SuppressWithNearbyCommentFilter"/>
            <description>%SuppressWithNearbyCommentFilter.desc</description>
            <property-metadata name="commentFormat" datatype="Regex" default-value="SUPPRESS CHECKSTYLE (\w+)">
                <description>%SuppressWithNearbyCommentFilter.commentFormat</description>
            </property-metadata>
            <property-metadata name="checkFormat" datatype="Regex" default-value=".*">
                <description>%SuppressWithNearbyCommentFilter.checkFormat</description>
            </property-metadata>
            <property-metadata name="messageFormat" datatype="Regex">
                <description>%SuppressWithNearbyCommentFilter.messageFormat</description>
            </property-metadata>
            <property-metadata name="idFormat" datatype="Regex">
                <description>%SuppressWithNearbyCommentFilter.idFormat</description>
            </property-metadata>
            <property-metadata name="influenceFormat" datatype="Regex" default-value="0">
                <description>%SuppressWithNearbyCommentFilter.influenceFormat</description>
            </property-metadata>
            <property-metadata name="checkCPP" datatype="Boolean" default-value="true">
                <description>%SuppressWithNearbyCommentFilter.checkCPP</description>
            </property-metadata>
            <property-metadata name="checkC" datatype="Boolean" default-value="true">
                <description>%SuppressWithNearbyCommentFilter.checkC</description>
            </property-metadata>
        </rule-metadata>
        
        <rule-metadata name="%SuppressWithPlainTextCommentFilter.name" internal-name="SuppressWithPlainTextCommentFilter" parent="Checker"
            hasSeverity="false">
            <alternative-name internal-name="com.puppycrawl.tools.checkstyle.filters.SuppressWithPlainTextCommentFilter"/>
            <description>%SuppressWithPlainTextCommentFilter.desc</description>
            <property-metadata name="offCommentFormat" datatype="Regex" default-value="// CHECKSTYLE:OFF">
                <description>%SuppressWithPlainTextCommentFilter.offCommentFormat</description>
            </property-metadata>
            <property-metadata name="onCommentFormat" datatype="Regex" default-value="// CHECKSTYLE:ON">
                <description>%SuppressWithPlainTextCommentFilter.onCommentFormat</description>
            </property-metadata>
            <property-metadata name="checkFormat" datatype="Regex" default-value=".*">
                <description>%SuppressWithPlainTextCommentFilter.checkFormat</description>
            </property-metadata>
            <property-metadata name="messageFormat" datatype="Regex">
                <description>%SuppressWithPlainTextCommentFilter.messageFormat</description>
            </property-metadata>
            <property-metadata name="idFormat" datatype="Regex">
                <description>%SuppressWithPlainTextCommentFilter.idFormat</description>
            </property-metadata>
        </rule-metadata>

        <rule-metadata name="%SuppressWarningsFilter.name" internal-name="SuppressWarningsFilter" parent="Checker"
            hasSeverity="false">
            <alternative-name internal-name="com.puppycrawl.tools.checkstyle.filters.SuppressWarningsFilter"/>
            <description>%SuppressWarningsFilter.desc</description>
        </rule-metadata>

        <rule-metadata name="%SuppressionSingleFilter.name" internal-name="SuppressionSingleFilter" parent="Checker"
            hasSeverity="false">
            <alternative-name internal-name="com.puppycrawl.tools.checkstyle.filters.SuppressionSingleFilter"/>
            <description>%SuppressionSingleFilter.desc</description>
            <property-metadata name="files" datatype="Regex">
                <description>%SuppressionSingleFilter.files</description>
            </property-metadata>
            <property-metadata name="checks" datatype="Regex">
                <description>%SuppressionSingleFilter.checks</description>
            </property-metadata>
            <property-metadata name="message" datatype="Regex">
                <description>%SuppressionSingleFilter.message</description>
            </property-metadata>
            <property-metadata name="id" datatype="String">
                <description>%SuppressionSingleFilter.id</description>
            </property-metadata>
            <property-metadata name="lines" datatype="String">
                <description>%SuppressionSingleFilter.lines</description>
            </property-metadata>
            <property-metadata name="columns" datatype="String">
                <description>%SuppressionSingleFilter.columns</description>
            </property-metadata>
        </rule-metadata>

        <rule-metadata name="%SuppressionXpathFilter.name" internal-name="SuppressionXpathFilter" parent="TreeWalker"
            hasSeverity="false">
            <alternative-name internal-name="com.puppycrawl.tools.checkstyle.filters.SuppressionXpathFilter"/>
            <description>%SuppressionXpathFilter.desc</description>
            <property-metadata name="file" datatype="File">
                <description>%SuppressionXpathFilter.file</description>
            </property-metadata>
            <property-metadata name="optional" datatype="Boolean" default-value="true">
                <description>%SuppressionXpathFilter.optional</description>
            </property-metadata>
        </rule-metadata>

        <rule-metadata name="%SuppressionXpathSingleFilter.name" internal-name="SuppressionXpathSingleFilter" parent="TreeWalker"
            hasSeverity="false">
            <alternative-name internal-name="com.puppycrawl.tools.checkstyle.filters.SuppressionXpathSingleFilter"/>
            <description>%SuppressionXpathSingleFilter.desc</description>
            <property-metadata name="files" datatype="Regex">
                <description>%SuppressionXpathSingleFilter.files</description>
            </property-metadata>
            <property-metadata name="checks" datatype="Regex">
                <description>%SuppressionXpathSingleFilter.checks</description>
            </property-metadata>
            <property-metadata name="message" datatype="Regex">
                <description>%SuppressionXpathSingleFilter.message</description>
            </property-metadata>
            <property-metadata name="id" datatype="String">
                <description>%SuppressionXpathSingleFilter.id</description>
            </property-metadata>
            <property-metadata name="query" datatype="String">
                <description>%SuppressionXpathSingleFilter.query</description>
            </property-metadata>
        </rule-metadata>
    </rule-group-metadata>

</checkstyle-metadata>
