<?xml version="1.0" encoding="UTF-8"?>
<!DOCTYPE checkstyle-metadata PUBLIC
"-//eclipse-cs//DTD Check Metadata 1.1//EN"
"http://eclipse-cs.sourceforge.net/dtds/checkstyle-metadata_1_1.dtd">
<checkstyle-metadata>
    <rule-group-metadata name="%Imports.group" priority="400">

        <rule-metadata name="%AvoidStarImport.name" internal-name="AvoidStarImport" parent="TreeWalker">
            <alternative-name internal-name="com.puppycrawl.tools.checkstyle.checks.imports.AvoidStarImportCheck" />
            <description>%AvoidStarImport.desc</description>
            <property-metadata name="excludes" datatype="String">
                <description>%AvoidStarImport.excludes</description>
            </property-metadata>
            <property-metadata name="allowClassImports" datatype="Boolean" default-value="false">
                <description>%AvoidStarImport.allowClassImports</description>
            </property-metadata>
            <property-metadata name="allowStaticMemberImports" datatype="Boolean" default-value="false">
                <description>%AvoidStarImport.allowStaticMemberImports</description>
            </property-metadata>
            <message-key key="import.avoidStar" />
        </rule-metadata>

        <rule-metadata name="%AvoidStaticImport.name" internal-name="AvoidStaticImport" parent="TreeWalker">
            <alternative-name internal-name="com.puppycrawl.tools.checkstyle.checks.imports.AvoidStaticImportCheck" />
            <description>%AvoidStaticImport.desc</description>
            <property-metadata name="excludes" datatype="String">
                <description>%AvoidStaticImport.excludes</description>
            </property-metadata>
            <message-key key="import.avoidStatic" />
        </rule-metadata>

        <rule-metadata name="%IllegalImport.name" internal-name="IllegalImport" parent="TreeWalker">
            <alternative-name internal-name="com.puppycrawl.tools.checkstyle.checks.imports.IllegalImportCheck" />
            <description>%IllegalImport.desc</description>
            <property-metadata name="illegalPkgs" datatype="String" default-value="sun">
                <description>%IllegalImport.illegalPkgs</description>
            </property-metadata>
            <property-metadata name="illegalClasses" datatype="String" default-value="">
                <description>%IllegalImport.illegalClasses</description>
            </property-metadata>
            <property-metadata name="regexp" datatype="Boolean" default-value="false">
                <description>%IllegalImport.regexp</description>
            </property-metadata>
            <message-key key="import.illegal" />
        </rule-metadata>

        <rule-metadata name="%ImportOrder.name" internal-name="ImportOrder" parent="TreeWalker">
            <alternative-name internal-name="com.puppycrawl.tools.checkstyle.checks.imports.ImportOrderCheck" />
            <description>%ImportOrder.desc</description>
            <property-metadata name="option" datatype="SingleSelect" default-value="under">
                <description>%ImportOrder.option</description>
                <enumeration>
                    <property-value-option value="top" />
                    <property-value-option value="above" />
                    <property-value-option value="inflow" />
                    <property-value-option value="under" />
                    <property-value-option value="bottom" />
                </enumeration>
            </property-metadata>
            <property-metadata name="groups" datatype="String">
                <description>%ImportOrder.groups</description>
            </property-metadata>
            <property-metadata name="ordered" datatype="Boolean" default-value="true">
                <description>%ImportOrder.ordered</description>
            </property-metadata>
            <property-metadata name="separated" datatype="Boolean" default-value="false">
                <description>%ImportOrder.separated</description>
            </property-metadata>
            <property-metadata name="separatedStaticGroups" datatype="Boolean" default-value="false">
                <description>%ImportOrder.separatedStaticGroups</description>
            </property-metadata>
            <property-metadata name="caseSensitive" datatype="Boolean" default-value="true">
                <description>%ImportOrder.caseSensitive</description>
            </property-metadata>
            <property-metadata name="staticGroups" datatype="String">
                <description>%ImportOrder.staticGroups</description>
            </property-metadata>
            <property-metadata name="sortStaticImportsAlphabetically" datatype="Boolean"
                default-value="false">
                <description>%ImportOrder.sortStaticImportsAlphabetically</description>
            </property-metadata>
            <property-metadata name="useContainerOrderingForStatic" datatype="Boolean"
                default-value="false">
                <description>%ImportOrder.useContainerOrderingForStatic</description>
            </property-metadata>
            <property-metadata name="tokens" datatype="MultiCheck"
                default-value="STATIC_IMPORT">
                <description>%ImportOrder.tokens</description>
                <enumeration>
                    <property-value-option value="STATIC_IMPORT"/>
                </enumeration>
            </property-metadata>
            <message-key key="import.ordering" />
            <message-key key="import.separation" />
            <message-key key="import.groups.separated.internally" />
        </rule-metadata>

        <rule-metadata name="%RedundantImport.name" internal-name="RedundantImport" parent="TreeWalker">
            <alternative-name internal-name="com.puppycrawl.tools.checkstyle.checks.imports.RedundantImportCheck" />
            <description>%RedundantImport.desc</description>
            <message-key key="import.lang" />
            <message-key key="import.same" />
            <message-key key="import.duplicate" />
        </rule-metadata>

        <rule-metadata name="%UnusedImports.name" internal-name="UnusedImports" parent="TreeWalker">
            <alternative-name internal-name="com.puppycrawl.tools.checkstyle.checks.imports.UnusedImportsCheck" />
            <description>%UnusedImports.desc</description>
            <property-metadata name="processJavadoc" datatype="Boolean" default-value="true">
                <description>%UnusedImports.processJavadoc</description>
            </property-metadata>
            <message-key key="import.unused" />
        </rule-metadata>

        <rule-metadata name="%ImportControl.name" internal-name="ImportControl" parent="TreeWalker">
            <alternative-name internal-name="com.puppycrawl.tools.checkstyle.checks.imports.ImportControlCheck" />
            <description>%ImportControl.desc</description>
            <property-metadata name="file" datatype="File">
                <description>%ImportControl.file</description>
            </property-metadata>
            <property-metadata name="path" datatype="Regex" default-value=".*">
                <description>%ImportControl.path</description>
            </property-metadata>
            <message-key key="import.control.missing.file" />
            <message-key key="import.control.disallowed" />
            <message-key key="import.control.unknown.pkg" />
        </rule-metadata>

        <rule-metadata name="%CustomImportOrder.name" internal-name="CustomImportOrder" parent="TreeWalker">
            <alternative-name internal-name="com.puppycrawl.tools.checkstyle.checks.imports.CustomImportOrderCheck" />
            <description>%CustomImportOrder.desc</description>
            <property-metadata name="customImportOrderRules" datatype="String">
                <description>%CustomImportOrder.customImportOrderRules</description>
            </property-metadata>
            <property-metadata name="standardPackageRegExp" datatype="Regex" default-value="java|javax">
                <description>%CustomImportOrder.standardPackageRegExp</description>
            </property-metadata>
            <property-metadata name="thirdPartyPackageRegExp" datatype="Regex" default-value="^$">
                <description>%CustomImportOrder.thirdPartyPackageRegExp</description>
            </property-metadata>
            <property-metadata name="specialImportsRegExp" datatype="Regex" default-value="^$">
                <description>%CustomImportOrder.specialImportsRegExp</description>
            </property-metadata>
            <property-metadata name="separateLineBetweenGroups" datatype="Boolean" default-value="true">
                <description>%CustomImportOrder.separateLineBetweenGroups</description>
            </property-metadata>
            <property-metadata name="sortImportsInGroupAlphabetically" datatype="String">
                <description>%CustomImportOrder.sortImportsInGroupAlphabetically</description>
            </property-metadata>
            <message-key key="custom.import.order" />
            <message-key key="custom.import.order.lex" />
            <message-key key="custom.import.order.line.separator" />
            <message-key key="custom.import.order.nonGroup.expected" />
            <message-key key="custom.import.order.nonGroup.import" />
            <message-key key="custom.import.order.separated.internally" />
        </rule-metadata>
    </rule-group-metadata>

</checkstyle-metadata>
