[
  {
    "version": "Release 8.35.0",
    "template": "partials/releases/8.35.0/release_notes.html",
    "open": true
  },
  {
    "version": "Release 8.34.0",
    "template": "partials/releases/8.34.0/release_notes.html",
    "open": true
  },
  {
    "version": "Release 8.33.0",
    "template": "partials/releases/8.33.0/release_notes.html",
    "open": true
  },
  {
    "version": "Release 8.32.0",
    "template": "partials/releases/8.32.0/release_notes.html",
    "open": true
  },
  {
    "version": "Release 8.31.0",
    "template": "partials/releases/8.31.0/release_notes.html",
    "open": true
  },
  {
    "version": "Release 8.30.0",
    "template": "partials/releases/8.30.0/release_notes.html",
    "open": true
  },
  {
    "version": "Release 8.29.0",
    "template": "partials/releases/8.29.0/release_notes.html",
    "open": true
  },
  {
    "version": "Release 8.28.0",
    "template": "partials/releases/8.28.0/release_notes.html",
    "open": true
  },
  {
    "version": "Release 8.27.0",
    "template": "partials/releases/8.27.0/release_notes.html",
    "open": true
  },
  {
    "version": "Release 8.26.0",
    "template": "partials/releases/8.26.0/release_notes.html",
    "open": true
  },
  {
    "version": "Release 8.25.0",
    "template": "partials/releases/8.25.0/release_notes.html",
    "open": true
  },
  {
    "version": "Release 8.24.0",
    "template": "partials/releases/8.24.0/release_notes.html",
    "open": true
  },
  {
    "version": "Release 8.23.0",
    "template": "partials/releases/8.23.0/release_notes.html",
    "open": true
  },
  {
    "version": "Release 8.22.0",
    "template": "partials/releases/8.22.0/release_notes.html",
    "open": true
  },
  {
    "version": "Release 8.21.0",
    "template": "partials/releases/8.21.0/release_notes.html",
    "open": true
  },
  {
    "version": "Release 8.20.0",
    "template": "partials/releases/8.20.0/release_notes.html",
    "open": true
  },
  {
    "version": "Release 8.19.0",
    "template": "partials/releases/8.19.0/release_notes.html",
    "open": true
  },
  {
    "version": "Release 8.18.0",
    "template": "partials/releases/8.18.0/release_notes.html"
  },
  {
    "version": "Release 8.17.0",
    "template": "partials/releases/8.17.0/release_notes.html"
  },
  {
    "version": "Release 8.16.0",
    "template": "partials/releases/8.16.0/release_notes.html"
  },
  {
    "version": "Release 8.15.0",
    "template": "partials/releases/8.15.0/release_notes.html"
  },
  {
    "version": "Release 8.14.0",
    "template": "partials/releases/8.14.0/release_notes.html"
  },
  {
    "version": "Release 8.13.0",
    "template": "partials/releases/8.13.0/release_notes.html"
  },
  {
    "version": "Release 8.12.0",
    "template": "partials/releases/8.12.0/release_notes.html"
  },
  {
    "version": "Release 8.11.0",
    "template": "partials/releases/8.11.0/release_notes.html"
  },
  {
    "version": "Release 8.10.1",
    "template": "partials/releases/8.10.1/release_notes.html"
  },
  {
    "version": "Release 8.10.0",
    "template": "partials/releases/8.10.0/release_notes.html"
  }, 
  {
    "version": "Release 8.8.0",
    "template": "partials/releases/8.8.0/release_notes.html"
  },
  {
    "version": "Release 8.7.0",
    "template": "partials/releases/8.7.0/release_notes.html"
  }, 
  {
    "version": "Release 8.5.1",
    "template": "partials/releases/8.5.1/release_notes.html"
  }, 
  {
    "version": "Release 8.5.0",
    "template": "partials/releases/8.5.0/release_notes.html"
  },
  {
    "version": "Release 8.0.0",
    "template": "partials/releases/8.0.0/release_notes.html"
  },
  {
    "version": "Release 7.6.0",
    "template": "partials/releases/7.6.0/release_notes.html"
  },
  {
    "version": "Release 7.3.0",
    "template": "partials/releases/7.3.0/release_notes.html"
  },
  {
    "version": "Release 7.2.0",
    "template": "partials/releases/7.2.0/release_notes.html"
  },
  {
    "version": "Release 6.19.1",
    "template": "partials/releases/6.19.1/release_notes.html"
  },
  {
    "version": "Release 6.19.0",
    "template": "partials/releases/6.19.0/release_notes.html"
  },
  {
    "version": "Release 6.16.0",
    "template": "partials/releases/6.16.0/release_notes.html"
  },
  {
    "version": "Release 6.14.0",
    "template": "partials/releases/6.14.0/release_notes.html"
  },
  {
    "version": "Release 6.11.1",
    "template": "partials/releases/6.11.1/release_notes.html"
  },
  {
    "version": "Release 6.11.0",
    "template": "partials/releases/6.11.0/release_notes.html"
  },
  {
    "version": "Release 6.9.0",
    "template": "partials/releases/6.9.0/release_notes.html"
  },
  {
    "version": "Release 6.8.0",
    "template": "partials/releases/6.8.0/release_notes.html"
  },
  {
    "version": "Release 6.5.0",
    "template": "partials/releases/6.5.0/release_notes.html"
  },
  {
    "version": "Release 6.4.0",
    "template": "partials/releases/6.4.0/release_notes.html"
  },
  {
    "version": "Release 6.2.0",
    "template": "partials/releases/6.2.0/release_notes.html"
  },
  {
    "version": "Release 6.1.1",
    "template": "partials/releases/6.1.1/release_notes.html"
  },
  {
    "version": "Release 6.1.0",
    "template": "partials/releases/6.1.0/release_notes.html"
  },
  {
    "version": "Release 5.9.0",
    "template": "partials/releases/5.9.0/release_notes.html"
  },
  {
    "version": "Release 5.8.0",
    "template": "partials/releases/5.8.0/release_notes.html"
  },
  {
    "version": "Release 5.7.0",
    "template": "partials/releases/5.7.0/release_notes.html"
  },
  {
    "version": "Release 5.6.1",
    "template": "partials/releases/5.6.1/release_notes.html"
  },
  {
    "version": "Release 5.6.0",
    "template": "partials/releases/5.6.0/release_notes.html"
  },
  {
    "version": "Release 5.5.0",
    "template": "partials/releases/5.5.0/release_notes.html"
  },
  {
    "version": "Release 5.4.1",
    "template": "partials/releases/5.4.1/release_notes.html"
  },
  {
    "version": "Release 5.4.0",
    "template": "partials/releases/5.4.0/release_notes.html"
  },
  {
    "version": "Release 5.3.0",
    "template": "partials/releases/5.3.0/release_notes.html"
  },
  {
    "version": "Release 5.2.0",
    "template": "partials/releases/5.2.0/release_notes.html"
  },
  {
    "version": "Release 5.1.1",
    "template": "partials/releases/5.1.1/release_notes.html"
  },
  {
    "version": "Release 5.1.0",
    "template": "partials/releases/5.1.0/release_notes.html"
  },
  {
    "version": "Release 5.0.3",
    "template": "partials/releases/5.0.3/release_notes.html"
  },
  {
    "version": "Release 5.0.2",
    "template": "partials/releases/5.0.2/release_notes.html"
  },
  {
    "version": "Release 5.0.1",
    "template": "partials/releases/5.0.1/release_notes.html"
  },
  {
    "version": "Release 5.0.0-final",
    "template": "partials/releases/5.0.0final/release_notes.html"
  },
  {
    "version": "Release 5.0.0-beta4",
    "template": "partials/releases/5.0.0beta4/release_notes.html"
  },
  {
    "version": "Release 5.0.0-beta3",
    "template": "partials/releases/5.0.0beta3/release_notes.html"
  },
  {
    "version": "Release 5.0.0-beta2",
    "template": "partials/releases/5.0.0beta2/release_notes.html"
  },
  {
    "version": "Release 5.0.0-beta1",
    "template": "partials/releases/5.0.0beta1/release_notes.html"
  },
  {
    "version": "Release 4.4.2",
    "template": "partials/releases/4.4.2/release_notes.html"
  },
  {
    "version": "Release 4.4.1",
    "template": "partials/releases/4.4.1/release_notes.html"
  },
  {
    "version": "Release 4.4.0",
    "template": "partials/releases/4.4.0/release_notes.html"
  },
  {
    "version": "Release 4.3.3",
    "template": "partials/releases/4.3.3/release_notes.html"
  },
  {
    "version": "Release 4.3.2",
    "template": "partials/releases/4.3.2/release_notes.html"
  },
  {
    "version": "Release 4.3.1",
    "template": "partials/releases/4.3.1/release_notes.html"
  },
  {
    "version": "Release 4.3.0",
    "template": "partials/releases/4.3.0/release_notes.html"
  },
  {
    "version": "Release 4.2.1",
    "template": "partials/releases/4.2.1/release_notes.html"
  },
  {
    "version": "Release 4.2.0",
    "template": "partials/releases/4.2.0/release_notes.html"
  },
  {
    "version": "Older releases",
    "template": "partials/releases/release_notes_older.html"
  }
]
