<?xml version="1.0" encoding="UTF-8"?>
<!DOCTYPE checkstyle-metadata PUBLIC
"-//eclipse-cs//DTD Check Metadata 1.1//EN"
"http://eclipse-cs.sourceforge.net/dtds/checkstyle-metadata_1_1.dtd">
<checkstyle-metadata>
    <rule-group-metadata name="%Whitespace.group" priority="600">

        <rule-metadata name="%GenericWhitespace.name" internal-name="GenericWhitespace" parent="TreeWalker">
            <alternative-name internal-name="com.puppycrawl.tools.checkstyle.checks.whitespace.GenericWhitespaceCheck" />
            <description>%GenericWhitespace.desc</description>
            <message-key key="ws.preceded" />
            <message-key key="ws.followed" />
            <message-key key="ws.illegalFollow" />
            <message-key key="ws.notPreceded" />
        </rule-metadata>

        <rule-metadata name="%EmptyForInitializerPad.name" internal-name="EmptyForInitializerPad" parent="TreeWalker">
            <alternative-name internal-name="com.puppycrawl.tools.checkstyle.checks.whitespace.EmptyForInitializerPadCheck" />
            <description>%EmptyForInitializerPad.desc</description>
            <property-metadata name="option" datatype="SingleSelect" default-value="nospace">
                <description>%EmptyForInitializerPad.option</description>
                <enumeration option-provider="com.puppycrawl.tools.checkstyle.checks.whitespace.PadOption" />
            </property-metadata>
            <message-key key="ws.preceded" />
            <message-key key="ws.notPreceded" />
        </rule-metadata>

        <rule-metadata name="%EmptyForIteratorPad.name" internal-name="EmptyForIteratorPad" parent="TreeWalker">
            <alternative-name internal-name="com.puppycrawl.tools.checkstyle.checks.whitespace.EmptyForIteratorPadCheck" />
            <description>%EmptyForIteratorPad.desc</description>
            <property-metadata name="option" datatype="SingleSelect" default-value="nospace">
                <description>%EmptyForIteratorPad.option</description>
                <enumeration option-provider="com.puppycrawl.tools.checkstyle.checks.whitespace.PadOption" />
            </property-metadata>
            <message-key key="ws.followed" />
            <message-key key="ws.notFollowed" />
        </rule-metadata>

        <rule-metadata name="%NoWhitespaceAfter.name" internal-name="NoWhitespaceAfter" parent="TreeWalker">
            <alternative-name internal-name="com.puppycrawl.tools.checkstyle.checks.whitespace.NoWhitespaceAfterCheck" />
            <description>%NoWhitespaceAfter.desc</description>
            <property-metadata name="allowLineBreaks" datatype="Boolean" default-value="true">
                <description>%NoWhitespaceAfter.allowLineBreaks</description>
            </property-metadata>
            <property-metadata name="tokens" datatype="MultiCheck"
                default-value="ARRAY_INIT,AT,INC,DEC,UNARY_MINUS,UNARY_PLUS,BNOT,LNOT,DOT,ARRAY_DECLARATOR,INDEX_OP">
                <description>%NoWhitespaceAfter.tokens</description>
                <enumeration>
                    <property-value-option value="ARRAY_INIT" />
                    <property-value-option value="AT" />
                    <property-value-option value="INC" />
                    <property-value-option value="DEC" />
                    <property-value-option value="UNARY_MINUS" />
                    <property-value-option value="UNARY_PLUS" />
                    <property-value-option value="BNOT" />
                    <property-value-option value="LNOT" />
                    <property-value-option value="DOT" />
                    <property-value-option value="TYPECAST" />
                    <property-value-option value="ARRAY_DECLARATOR" />
                    <property-value-option value="INDEX_OP" />
                    <property-value-option value="LITERAL_SYNCHRONIZED" />
                    <property-value-option value="METHOD_REF" />
                </enumeration>
            </property-metadata>
            <message-key key="ws.followed" />
        </rule-metadata>

        <rule-metadata name="%NoWhitespaceBefore.name" internal-name="NoWhitespaceBefore" parent="TreeWalker">
            <alternative-name internal-name="com.puppycrawl.tools.checkstyle.checks.whitespace.NoWhitespaceBeforeCheck" />
            <description>%NoWhitespaceBefore.desc</description>
            <property-metadata name="allowLineBreaks" datatype="Boolean" default-value="false">
                <description>%NoWhitespaceBefore.allowLineBreaks</description>
            </property-metadata>
            <property-metadata name="tokens" datatype="MultiCheck" default-value="COMMA,SEMI,POST_INC,POST_DEC,ELLIPSIS,LABELED_STAT">
                <description>%NoWhitespaceBefore.tokens</description>
                <enumeration>
                    <property-value-option value="COMMA" />
                    <property-value-option value="SEMI" />
                    <property-value-option value="POST_INC" />
                    <property-value-option value="POST_DEC" />
                    <property-value-option value="DOT" />
                    <property-value-option value="GENERIC_START" />
                    <property-value-option value="GENERIC_END" />
                    <property-value-option value="ELLIPSIS" />
                    <property-value-option value="METHOD_REF" />
                    <property-value-option value="LABELED_STAT" />
                </enumeration>
            </property-metadata>
            <message-key key="ws.preceded" />
        </rule-metadata>

        <rule-metadata name="%OperatorWrap.name" internal-name="OperatorWrap" parent="TreeWalker">
            <alternative-name internal-name="com.puppycrawl.tools.checkstyle.checks.whitespace.OperatorWrapCheck" />
            <description>%OperatorWrap.desc</description>
            <property-metadata name="option" datatype="SingleSelect" default-value="nl">
                <description>%OperatorWrap.option</description>
                <enumeration option-provider="com.puppycrawl.tools.checkstyle.checks.whitespace.WrapOption" />
            </property-metadata>
            <property-metadata name="tokens" datatype="MultiCheck"
                default-value="QUESTION,COLON,EQUAL,NOT_EQUAL,DIV,PLUS,MINUS,STAR,MOD,SR,BSR,GE,GT,SL,LE,LT,BXOR,BOR,LOR,BAND,LAND,TYPE_EXTENSION_AND,LITERAL_INSTANCEOF">
                <description>%OperatorWrap.tokens</description>
                <enumeration>
                    <property-value-option value="QUESTION" />
                    <property-value-option value="COLON" />
                    <property-value-option value="EQUAL" />
                    <property-value-option value="NOT_EQUAL" />
                    <property-value-option value="DIV" />
                    <property-value-option value="PLUS" />
                    <property-value-option value="MINUS" />
                    <property-value-option value="STAR" />
                    <property-value-option value="MOD" />
                    <property-value-option value="SR" />
                    <property-value-option value="BSR" />
                    <property-value-option value="GE" />
                    <property-value-option value="GT" />
                    <property-value-option value="SL" />
                    <property-value-option value="LE" />
                    <property-value-option value="LT" />
                    <property-value-option value="BXOR" />
                    <property-value-option value="BOR" />
                    <property-value-option value="LOR" />
                    <property-value-option value="BAND" />
                    <property-value-option value="LAND" />
                    <property-value-option value="LITERAL_INSTANCEOF" />
                    <property-value-option value="TYPE_EXTENSION_AND" />
                    <property-value-option value="ASSIGN" />
                    <property-value-option value="DIV_ASSIGN" />
                    <property-value-option value="PLUS_ASSIGN" />
                    <property-value-option value="MINUS_ASSIGN" />
                    <property-value-option value="STAR_ASSIGN" />
                    <property-value-option value="MOD_ASSIGN" />
                    <property-value-option value="SR_ASSIGN" />
                    <property-value-option value="BSR_ASSIGN" />
                    <property-value-option value="SL_ASSIGN" />
                    <property-value-option value="BXOR_ASSIGN" />
                    <property-value-option value="BOR_ASSIGN" />
                    <property-value-option value="BAND_ASSIGN" />
                    <property-value-option value="METHOD_REF" />
                </enumeration>
            </property-metadata>
            <message-key key="line.new" />
            <message-key key="line.previous" />
        </rule-metadata>

        <rule-metadata name="%MethodParamPad.name" internal-name="MethodParamPad" parent="TreeWalker">
            <alternative-name internal-name="com.puppycrawl.tools.checkstyle.checks.whitespace.MethodParamPadCheck" />
            <description>%MethodParamPad.desc</description>
            <property-metadata name="allowLineBreaks" datatype="Boolean" default-value="false">
                <description>%MethodParamPad.allowLineBreaks</description>
            </property-metadata>
            <property-metadata name="option" datatype="SingleSelect" default-value="nospace">
                <description>%MethodParamPad.option</description>
                <enumeration option-provider="com.puppycrawl.tools.checkstyle.checks.whitespace.PadOption" />
            </property-metadata>
            <property-metadata name="tokens" datatype="MultiCheck"
                default-value="CTOR_DEF,LITERAL_NEW,METHOD_CALL,METHOD_DEF,SUPER_CTOR_CALL,ENUM_CONSTANT_DEF">
                <description>%MethodParamPad.tokens</description>
                <enumeration>
                    <property-value-option value="CTOR_DEF" />
                    <property-value-option value="LITERAL_NEW" />
                    <property-value-option value="METHOD_CALL" />
                    <property-value-option value="METHOD_DEF" />
                    <property-value-option value="SUPER_CTOR_CALL" />
                    <property-value-option value="ENUM_CONSTANT_DEF" />
                </enumeration>
            </property-metadata>
            <message-key key="line.previous" />
            <message-key key="ws.preceded" />
            <message-key key="ws.notPreceded" />
        </rule-metadata>

        <rule-metadata name="%ParenPad.name" internal-name="ParenPad" parent="TreeWalker">
            <alternative-name internal-name="com.puppycrawl.tools.checkstyle.checks.whitespace.ParenPadCheck" />
            <description>%ParenPad.desc</description>
            <property-metadata name="option" datatype="SingleSelect" default-value="nospace">
                <description>%ParenPad.option</description>
                <enumeration option-provider="com.puppycrawl.tools.checkstyle.checks.whitespace.PadOption" />
            </property-metadata>
            <property-metadata name="tokens" datatype="MultiCheck"
                default-value="ANNOTATION,ANNOTATION_FIELD_DEF,CTOR_CALL,CTOR_DEF,DOT,ENUM_CONSTANT_DEF,EXPR,LITERAL_CATCH,LITERAL_DO,LITERAL_FOR,LITERAL_IF,LITERAL_NEW,LITERAL_SWITCH,LITERAL_SYNCHRONIZED,LITERAL_WHILE,METHOD_CALL,METHOD_DEF,QUESTION,RESOURCE_SPECIFICATION,SUPER_CTOR_CALL,LAMBDA">
                <description>%ParenPad.tokens</description>
                <enumeration>
                    <property-value-option value="ANNOTATION" />
                    <property-value-option value="ANNOTATION_FIELD_DEF" />
                    <property-value-option value="CTOR_DEF" />
                    <property-value-option value="CTOR_CALL" />
                    <property-value-option value="DOT" />
                    <property-value-option value="ENUM_CONSTANT_DEF" />
                    <property-value-option value="EXPR" />
                    <property-value-option value="LAMBDA" />
                    <property-value-option value="LITERAL_CATCH" />
                    <property-value-option value="LITERAL_DO" />
                    <property-value-option value="LITERAL_FOR" />
                    <property-value-option value="LITERAL_IF" />
                    <property-value-option value="LITERAL_NEW" />
                    <property-value-option value="LITERAL_SWITCH" />
                    <property-value-option value="LITERAL_SYNCHRONIZED" />
                    <property-value-option value="LITERAL_WHILE" />
                    <property-value-option value="METHOD_CALL" />
                    <property-value-option value="METHOD_DEF" />
                    <property-value-option value="RESOURCE_SPECIFICATION" />
                    <property-value-option value="SUPER_CTOR_CALL" />
                    <property-value-option value="QUESTION" />
                </enumeration>
            </property-metadata>
            <message-key key="ws.followed" />
            <message-key key="ws.notFollowed" />
            <message-key key="ws.preceded" />
            <message-key key="ws.notPreceded" />
        </rule-metadata>

        <rule-metadata name="%TypecastParenPad.name" internal-name="TypecastParenPad" parent="TreeWalker">
            <alternative-name internal-name="com.puppycrawl.tools.checkstyle.checks.whitespace.TypecastParenPadCheck" />
            <description>%TypecastParenPad.desc</description>
            <property-metadata name="option" datatype="SingleSelect" default-value="nospace">
                <description>%TypecastParenPad.option</description>
                <enumeration option-provider="com.puppycrawl.tools.checkstyle.checks.whitespace.PadOption" />
            </property-metadata>
            <message-key key="ws.followed" />
            <message-key key="ws.notFollowed" />
            <message-key key="ws.preceded" />
            <message-key key="ws.notPreceded" />
        </rule-metadata>

        <rule-metadata name="%FileTabCharacter.name" internal-name="FileTabCharacter" parent="Checker">
            <alternative-name internal-name="com.puppycrawl.tools.checkstyle.checks.whitespace.FileTabCharacterCheck" />
            <description>%FileTabCharacter.desc</description>
            <property-metadata name="eachLine" datatype="Boolean" default-value="false">
                <description>%FileTabCharacter.eachLine</description>
            </property-metadata>
            <property-metadata name="fileExtensions" datatype="String">
                <description>%FileTabCharacter.fileExtensions</description>
            </property-metadata>
            <message-key key="containsTab" />
            <message-key key="file.containsTab" />
        </rule-metadata>

        <rule-metadata name="%WhitespaceAfter.name" internal-name="WhitespaceAfter" parent="TreeWalker">
            <alternative-name internal-name="com.puppycrawl.tools.checkstyle.checks.whitespace.WhitespaceAfterCheck" />
            <description>%WhitespaceAfter.desc</description>
            <property-metadata name="tokens" datatype="MultiCheck"
                default-value="COMMA,SEMI,TYPECAST,LITERAL_IF,LITERAL_ELSE,LITERAL_WHILE,LITERAL_DO,LITERAL_FOR,DO_WHILE">
                <description>%WhitespaceAfter.tokens</description>
                <enumeration>
                    <property-value-option value="COMMA" />
                    <property-value-option value="SEMI" />
                    <property-value-option value="TYPECAST" />
                    <property-value-option value="LITERAL_IF" />
                    <property-value-option value="LITERAL_ELSE" />
                    <property-value-option value="LITERAL_WHILE" />
                    <property-value-option value="LITERAL_DO" />
                    <property-value-option value="LITERAL_FOR" />
                    <property-value-option value="DO_WHILE" />
                </enumeration>
            </property-metadata>
            <message-key key="ws.notFollowed" />
            <message-key key="ws.typeCast" />
        </rule-metadata>

        <rule-metadata name="%WhitespaceAround.name" internal-name="WhitespaceAround" parent="TreeWalker">
            <alternative-name internal-name="com.puppycrawl.tools.checkstyle.checks.whitespace.WhitespaceAroundCheck" />
            <description>%WhitespaceAround.desc</description>
            <property-metadata name="tokens" datatype="MultiCheck"
                default-value="ASSIGN,BAND,BAND_ASSIGN,BOR,BOR_ASSIGN,BSR,BSR_ASSIGN,BXOR,BXOR_ASSIGN,COLON,DIV,DIV_ASSIGN,DO_WHILE,EQUAL,GE,GT,LAMBDA,LAND,LCURLY,LE,LITERAL_CATCH,LITERAL_DO,LITERAL_ELSE,LITERAL_FINALLY,LITERAL_FOR,LITERAL_IF,LITERAL_RETURN,LITERAL_SWITCH,LITERAL_SYNCHRONIZED,LITERAL_TRY,LITERAL_WHILE,LOR,LT,MINUS,MINUS_ASSIGN,MOD,MOD_ASSIGN,NOT_EQUAL,PLUS,PLUS_ASSIGN,QUESTION,RCURLY,SL,SLIST,SL_ASSIGN,SR,SR_ASSIGN,STAR,STAR_ASSIGN,LITERAL_ASSERT,TYPE_EXTENSION_AND">
                <description>%WhitespaceAround.tokens</description>
                <enumeration>
                    <property-value-option value="ASSIGN" />
                    <property-value-option value="ARRAY_INIT" />
                    <property-value-option value="BAND" />
                    <property-value-option value="BAND_ASSIGN" />
                    <property-value-option value="BOR" />
                    <property-value-option value="BOR_ASSIGN" />
                    <property-value-option value="BSR" />
                    <property-value-option value="BSR_ASSIGN" />
                    <property-value-option value="BXOR" />
                    <property-value-option value="BXOR_ASSIGN" />
                    <property-value-option value="COLON" />
                    <property-value-option value="DIV" />
                    <property-value-option value="DIV_ASSIGN" />
                    <property-value-option value="DO_WHILE" />
                    <property-value-option value="EQUAL" />
                    <property-value-option value="GE" />
                    <property-value-option value="GT" />
                    <property-value-option value="LAMBDA" />
                    <property-value-option value="LAND" />
                    <property-value-option value="LCURLY" />
                    <property-value-option value="LE" />
                    <property-value-option value="LITERAL_ASSERT" />
                    <property-value-option value="LITERAL_CATCH" />
                    <property-value-option value="LITERAL_DO" />
                    <property-value-option value="LITERAL_ELSE" />
                    <property-value-option value="LITERAL_FINALLY" />
                    <property-value-option value="LITERAL_FOR" />
                    <property-value-option value="LITERAL_IF" />
                    <property-value-option value="LITERAL_RETURN" />
                    <property-value-option value="LITERAL_SWITCH" />
                    <property-value-option value="LITERAL_SYNCHRONIZED" />
                    <property-value-option value="LITERAL_TRY" />
                    <property-value-option value="LITERAL_WHILE" />
                    <property-value-option value="LOR" />
                    <property-value-option value="LT" />
                    <property-value-option value="MINUS" />
                    <property-value-option value="MINUS_ASSIGN" />
                    <property-value-option value="MOD" />
                    <property-value-option value="MOD_ASSIGN" />
                    <property-value-option value="NOT_EQUAL" />
                    <property-value-option value="PLUS" />
                    <property-value-option value="PLUS_ASSIGN" />
                    <property-value-option value="QUESTION" />
                    <property-value-option value="RCURLY" />
                    <property-value-option value="SL" />
                    <property-value-option value="SLIST" />
                    <property-value-option value="SL_ASSIGN" />
                    <property-value-option value="SR" />
                    <property-value-option value="SR_ASSIGN" />
                    <property-value-option value="STAR" />
                    <property-value-option value="STAR_ASSIGN" />
                    <property-value-option value="TYPE_EXTENSION_AND" />
                    <property-value-option value="WILDCARD_TYPE" />
                    <property-value-option value="GENERIC_START" />
                    <property-value-option value="GENERIC_END" />
                    <property-value-option value="ELLIPSIS" />
                </enumeration>
            </property-metadata>
            <property-metadata name="allowEmptyConstructors" datatype="Boolean" default-value="false">
                <description>%WhitespaceAround.allowEmptyConstructors</description>
            </property-metadata>
            <property-metadata name="allowEmptyMethods" datatype="Boolean" default-value="false">
                <description>%WhitespaceAround.allowEmptyMethods</description>
            </property-metadata>
            <property-metadata name="allowEmptyTypes" datatype="Boolean" default-value="false">
                <description>%WhitespaceAround.allowEmptyTypes</description>
            </property-metadata>
            <property-metadata name="allowEmptyLoops" datatype="Boolean" default-value="false">
                <description>%WhitespaceAround.allowEmptyLoops</description>
            </property-metadata>
            <property-metadata name="allowEmptyLambdas" datatype="Boolean" default-value="false">
                <description>%WhitespaceAround.allowEmptyLambdas</description>
            </property-metadata>
            <property-metadata name="allowEmptyCatches" datatype="Boolean" default-value="false">
                <description>%WhitespaceAround.allowEmptyCatches</description>
            </property-metadata>
            <property-metadata name="ignoreEnhancedForColon" datatype="Boolean" default-value="true">
                <description>%WhitespaceAround.ignoreEnhancedForColon</description>
            </property-metadata>
            <message-key key="ws.notPreceded" />
            <message-key key="ws.notFollowed" />
        </rule-metadata>

        <rule-metadata name="%EmptyLineSeparator.name" internal-name="EmptyLineSeparator" parent="TreeWalker">
            <alternative-name internal-name="com.puppycrawl.tools.checkstyle.checks.whitespace.EmptyLineSeparatorCheck" />
            <description>%EmptyLineSeparator.desc</description>
            <property-metadata name="tokens" datatype="MultiCheck"
                default-value="PACKAGE_DEF,IMPORT,STATIC_IMPORT,CLASS_DEF,INTERFACE_DEF,ENUM_DEF,STATIC_INIT,INSTANCE_INIT,METHOD_DEF,CTOR_DEF,VARIABLE_DEF">
                <description>%EmptyLineSeparator.tokens</description>
                <enumeration>
                    <property-value-option value="PACKAGE_DEF" />
                    <property-value-option value="IMPORT" />
                    <property-value-option value="STATIC_IMPORT" />
                    <property-value-option value="CLASS_DEF" />
                    <property-value-option value="ENUM_DEF" />
                    <property-value-option value="INTERFACE_DEF" />
                    <property-value-option value="CTOR_DEF" />
                    <property-value-option value="METHOD_DEF" />
                    <property-value-option value="STATIC_INIT" />
                    <property-value-option value="INSTANCE_INIT" />
                    <property-value-option value="VARIABLE_DEF" />
                </enumeration>
            </property-metadata>
            <property-metadata name="allowNoEmptyLineBetweenFields" datatype="Boolean" default-value="false">
                <description>%EmptyLineSeparator.allowNoEmptyLineBetweenFields</description>
            </property-metadata>
            <property-metadata name="allowMultipleEmptyLines" datatype="Boolean" default-value="true">
                <description>%EmptyLineSeparator.allowMultipleEmptyLines</description>
            </property-metadata>
            <property-metadata name="allowMultipleEmptyLinesInsideClassMembers" datatype="Boolean"
                default-value="true">
                <description>%EmptyLineSeparator.allowMultipleEmptyLinesInsideClassMembers</description>
            </property-metadata>
            <message-key key="empty.line.separator" />
            <message-key key="empty.line.separator.multiple.lines" />
            <message-key key="empty.line.separator.multiple.lines.after" />
            <message-key key="empty.line.separator.multiple.lines.inside" />
        </rule-metadata>

        <rule-metadata name="%SeparatorWrap.name" internal-name="SeparatorWrap" parent="TreeWalker">
            <alternative-name internal-name="com.puppycrawl.tools.checkstyle.checks.whitespace.SeparatorWrapCheck" />
            <description>%SeparatorWrap.desc</description>
            <property-metadata name="option" datatype="SingleSelect" default-value="eol">
                <description>%SeparatorWrap.option</description>
                <enumeration option-provider="com.puppycrawl.tools.checkstyle.checks.whitespace.WrapOption" />
            </property-metadata>
            <property-metadata name="tokens" datatype="MultiCheck" default-value="DOT,COMMA">
                <description>%SeparatorWrap.tokens</description>
                <enumeration>
                    <property-value-option value="DOT" />
                    <property-value-option value="COMMA" />
                    <property-value-option value="SEMI" />
                    <property-value-option value="ELLIPSIS" />
                    <property-value-option value="AT" />
                    <property-value-option value="LPAREN" />
                    <property-value-option value="RPAREN" />
                    <property-value-option value="ARRAY_DECLARATOR" />
                    <property-value-option value="RBRACK" />
                    <property-value-option value="METHOD_REF" />
                </enumeration>
            </property-metadata>
            <message-key key="line.previous" />
            <message-key key="line.new" />
        </rule-metadata>

        <rule-metadata name="%SingleSpaceSeparator.name" internal-name="SingleSpaceSeparator" parent="TreeWalker">
            <alternative-name internal-name="com.puppycrawl.tools.checkstyle.checks.whitespace.SingleSpaceSeparatorCheck" />
            <description>%SingleSpaceSeparator.desc</description>
            <property-metadata name="validateComments" datatype="Boolean" default-value="false">
                <description>%SingleSpaceSeparator.validateComments</description>
            </property-metadata>
            <message-key key="single.space.separator" />
        </rule-metadata>

        <rule-metadata name="%NoLineWrap.name" internal-name="NoLineWrap" parent="TreeWalker">
            <alternative-name internal-name="com.puppycrawl.tools.checkstyle.checks.whitespace.NoLineWrapCheck" />
            <description>%NoLineWrap.desc</description>
            <property-metadata name="tokens" datatype="MultiCheck" default-value="PACKAGE_DEF,IMPORT,STATIC_IMPORT">
                <description>%NoLineWrap.tokens</description>
                <enumeration>
                    <property-value-option value="IMPORT" />
                    <property-value-option value="STATIC_IMPORT" />
                    <property-value-option value="PACKAGE_DEF" />
                    <property-value-option value="CLASS_DEF" />
                    <property-value-option value="METHOD_DEF" />
                    <property-value-option value="CTOR_DEF" />
                    <property-value-option value="ENUM_DEF" />
                    <property-value-option value="INTERFACE_DEF" />
                </enumeration>
            </property-metadata>
            <message-key key="no.line.wrap" />
        </rule-metadata>
    </rule-group-metadata>

</checkstyle-metadata>
