<?xml version="1.0" encoding="UTF-8"?>
<!DOCTYPE checkstyle-metadata PUBLIC
"-//eclipse-cs//DTD Check Metadata 1.1//EN"
"http://eclipse-cs.sourceforge.net/dtds/checkstyle-metadata_1_1.dtd">
<checkstyle-metadata>
    <rule-group-metadata name="%Miscellaneous.group" priority="1300">

        <rule-metadata name="%ArrayTypeStyle.name" internal-name="ArrayTypeStyle" parent="TreeWalker">
            <alternative-name internal-name="com.puppycrawl.tools.checkstyle.checks.ArrayTypeStyleCheck"/>
            <description>%ArrayTypeStyle.desc</description>
            <property-metadata name="javaStyle" datatype="Boolean" default-value="true">
                <description>%ArrayTypeStyle.javaStyle</description>
            </property-metadata>
            <quickfix classname="net.sf.eclipsecs.ui.quickfixes.misc.ArrayTypeStyleQuickfix"/>
            <message-key key="array.type.style"/>
        </rule-metadata>

        <rule-metadata name="%DescendantToken.name" internal-name="DescendantToken" parent="TreeWalker">
            <alternative-name internal-name="com.puppycrawl.tools.checkstyle.checks.DescendantTokenCheck"/>
            <description>%DescendantToken.desc</description>
            <property-metadata name="limitedTokens" datatype="MultiCheck">
                <description>%DescendantToken.limitedTokens</description>
                <enumeration option-provider="net.sf.eclipsecs.core.config.meta.AllTokensProvider"> </enumeration>
            </property-metadata>
            <property-metadata name="minimumDepth" datatype="Integer" default-value="0">
                <description>%DescendantToken.minimumDepth</description>
            </property-metadata>
            <property-metadata name="maximumDepth" datatype="Integer" default-value="2147483647">
                <description>%DescendantToken.maximumDepth</description>
            </property-metadata>
            <property-metadata name="minimumNumber" datatype="Integer" default-value="0">
                <description>%DescendantToken.minimumNumber</description>
            </property-metadata>
            <property-metadata name="maximumNumber" datatype="Integer" default-value="2147483647">
                <description>%DescendantToken.maximumNumber</description>
            </property-metadata>
            <property-metadata name="sumTokenCounts" datatype="Boolean" default-value="false">
                <description>%DescendantToken.sumTokenCounts</description>
            </property-metadata>
            <property-metadata name="minimumMessage" datatype="String">
                <description>%DescendantToken.minimumMessage</description>
            </property-metadata>
            <property-metadata name="maximumMessage" datatype="String">
                <description>%DescendantToken.maximumMessage</description>
            </property-metadata>
            <message-key key="descendant.token.sum.min"/>
            <message-key key="descendant.token.sum.max"/>
            <message-key key="descendant.token.min"/>
            <message-key key="descendant.token.max"/>
        </rule-metadata>

        <rule-metadata name="%FinalParameters.name" internal-name="FinalParameters" parent="TreeWalker">
            <alternative-name internal-name="com.puppycrawl.tools.checkstyle.checks.FinalParametersCheck"/>
            <description>%FinalParameters.desc</description>
            <property-metadata name="tokens" datatype="MultiCheck" default-value="METHOD_DEF,CTOR_DEF">
                <description>%FinalParameters.tokens</description>
                <enumeration>
                    <property-value-option value="METHOD_DEF"/>
                    <property-value-option value="CTOR_DEF"/>
                    <property-value-option value="LITERAL_CATCH"/>
                    <property-value-option value="FOR_EACH_CLAUSE" />
                </enumeration>
            </property-metadata>
            <property-metadata name="ignorePrimitiveTypes" datatype="Boolean" default-value="false">
                <description>%FinalParameters.ignorePrimitiveTypes</description>
            </property-metadata>
            <quickfix classname="net.sf.eclipsecs.ui.quickfixes.misc.FinalParametersQuickfix"/>
            <message-key key="final.parameter"/>
        </rule-metadata>

        <rule-metadata name="%NewlineAtEndOfFile.name" internal-name="NewlineAtEndOfFile" parent="Checker">
            <alternative-name internal-name="com.puppycrawl.tools.checkstyle.checks.NewlineAtEndOfFileCheck"/>
            <description>%NewlineAtEndOfFile.desc</description>
            <property-metadata name="lineSeparator" datatype="SingleSelect" default-value="system">
                <description>%NewlineAtEndOfFile.lineSeparator</description>
                <enumeration>
                    <property-value-option value="system"/>
                    <property-value-option value="crlf"/>
                    <property-value-option value="cr"/>
                    <property-value-option value="lf"/>
                    <property-value-option value="lf_cr_crlf"/>
                </enumeration>
            </property-metadata>
            <property-metadata name="fileExtensions" datatype="String">
                <description>%NewlineAtEndOfFile.fileExtensions</description>
            </property-metadata>
            <message-key key="noNewlineAtEOF"/>
            <message-key key="unable.open"/>
            <message-key key="wrong.line.end"/>
        </rule-metadata>

        <rule-metadata name="%OrderedProperties.name" internal-name="OrderedProperties" parent="Checker">
            <alternative-name internal-name="com.puppycrawl.tools.checkstyle.checks.OrderedPropertiesCheck"/>
            <description>%OrderedProperties.desc</description>
            <property-metadata name="fileExtensions" datatype="String" default-value="properties">
                <description>%OrderedProperties.fileExtensions</description>
            </property-metadata>
            <message-key key="properties.notSorted.property"/>
            <message-key key="unable.open.cause"/>
        </rule-metadata>

        <rule-metadata name="%TodoComment.name" internal-name="TodoComment" parent="TreeWalker">
            <alternative-name internal-name="com.puppycrawl.tools.checkstyle.checks.TodoCommentCheck"/>
            <description>%TodoComment.desc</description>
            <property-metadata name="format" datatype="Regex" default-value="TODO:">
                <description>%TodoComment.format</description>
            </property-metadata>
            <message-key key="todo.match"/>
        </rule-metadata>

        <rule-metadata name="%Translation.name" internal-name="Translation" parent="Checker">
            <alternative-name internal-name="com.puppycrawl.tools.checkstyle.checks.TranslationCheck"/>
            <description>%Translation.desc</description>
            <property-metadata name="fileExtensions" datatype="String" default-value="properties">
                <description>%Translation.fileExtensions</description>
            </property-metadata>
            <property-metadata name="baseName" datatype="Regex" default-value="^messages.*$">
                <description>%Translation.baseName</description>
            </property-metadata>
            <property-metadata name="requiredTranslations" datatype="String" default-value="">
                <description>%Translation.requiredTranslations</description>
            </property-metadata>
            <message-key key="translation.missingKey"/>
            <message-key key="translation.missingTranslationFile"/>
        </rule-metadata>

        <rule-metadata name="%TrailingComment.name" internal-name="TrailingComment" parent="TreeWalker">
            <alternative-name internal-name="com.puppycrawl.tools.checkstyle.checks.TrailingCommentCheck"/>
            <description>%TrailingComment.desc</description>
            <property-metadata name="format" datatype="Regex" default-value="^[\s\}\);]*$">
                <description>%TrailingComment.format</description>
            </property-metadata>
            <property-metadata name="legalComment" datatype="Regex">
                <description>%TrailingComment.legalComment</description>
            </property-metadata>
            <message-key key="trailing.comments"/>
        </rule-metadata>

        <rule-metadata name="%UncommentedMain.name" internal-name="UncommentedMain" parent="TreeWalker">
            <alternative-name internal-name="com.puppycrawl.tools.checkstyle.checks.UncommentedMainCheck"/>
            <description>%UncommentedMain.desc</description>
            <property-metadata name="excludedClasses" datatype="Regex" default-value="^$">
                <description>%UncommentedMain.excludedClasses</description>
            </property-metadata>
            <quickfix classname="net.sf.eclipsecs.ui.quickfixes.misc.UncommentedMainQuickfix"/>
            <message-key key="uncommented.main"/>
        </rule-metadata>

        <rule-metadata name="%UpperEll.name" internal-name="UpperEll" parent="TreeWalker">
            <alternative-name internal-name="com.puppycrawl.tools.checkstyle.checks.UpperEllCheck"/>
            <description>%UpperEll.desc</description>
            <quickfix classname="net.sf.eclipsecs.ui.quickfixes.misc.UpperEllQuickfix"/>
            <message-key key="upperEll"/>
        </rule-metadata>

        <rule-metadata name="%OuterTypeFilename.name" internal-name="OuterTypeFilename" parent="TreeWalker">
            <alternative-name internal-name="com.puppycrawl.tools.checkstyle.checks.OuterTypeFilenameCheck"/>
            <description>%OuterTypeFilename.desc</description>
            <message-key key="type.file.mismatch"/>
        </rule-metadata>

        <rule-metadata name="%AvoidEscapedUnicodeCharacters.name" internal-name="AvoidEscapedUnicodeCharacters"
            parent="TreeWalker">
            <alternative-name internal-name="com.puppycrawl.tools.checkstyle.checks.AvoidEscapedUnicodeCharactersCheck"/>
            <description>%AvoidEscapedUnicodeCharacters.desc</description>
            <property-metadata name="allowEscapesForControlCharacters" datatype="Boolean" default-value="false">
                <description>%AvoidEscapedUnicodeCharacters.allowEscapesForControlCharacters</description>
            </property-metadata>
            <property-metadata name="allowByTailComment" datatype="Boolean" default-value="false">
                <description>%AvoidEscapedUnicodeCharacters.allowByTailComment</description>
            </property-metadata>
            <property-metadata name="allowIfAllCharactersEscaped" datatype="Boolean" default-value="false">
                <description>%AvoidEscapedUnicodeCharacters.allowIfAllCharactersEscaped</description>
            </property-metadata>
            <property-metadata name="allowNonPrintableEscapes" datatype="Boolean" default-value="false">
                <description>%AvoidEscapedUnicodeCharacters.allowNonPrintableEscapes</description>
            </property-metadata>
            <message-key key="forbid.escaped.unicode.char"/>
        </rule-metadata>

        <rule-metadata name="%UniqueProperties.name" internal-name="UniqueProperties" parent="Checker">
            <alternative-name internal-name="com.puppycrawl.tools.checkstyle.checks.UniquePropertiesCheck"/>
            <description>%UniqueProperties.desc</description>
            <property-metadata name="fileExtensions" datatype="String" default-value="properties">
                <description>%UniqueProperties.fileExtensions</description>
            </property-metadata>
            <message-key key="properties.duplicate.property"/>
            <message-key key="unable.open.cause"/>
        </rule-metadata>

        <rule-metadata name="%SuppressWarningsHolder.name" internal-name="SuppressWarningsHolder"
            parent="TreeWalker" hidden="true" deletable="false" singleton="true">
            <property-metadata name="aliasList" datatype="String" default-value="">
                <description>%SuppressWarningsHolder.aliasList</description>
            </property-metadata>
            <alternative-name
                internal-name="com.puppycrawl.tools.checkstyle.checks.SuppressWarningsHolder"/>
        </rule-metadata>

        <rule-metadata name="%NoCodeInFile.name" internal-name="NoCodeInFile" parent="TreeWalker">
            <alternative-name internal-name="com.puppycrawl.tools.checkstyle.checks.NoCodeInFileCheck"/>
            <description>%NoCodeInFile.desc</description>
            <message-key key="nocode.in.file"/>
        </rule-metadata>

    </rule-group-metadata>
</checkstyle-metadata>
