<?xml version="1.0" encoding="UTF-8"?>
<!-- This configuration file was written by the eclipse-cs plugin configuration editor -->
<!-- Checkstyle-Configuration: Test Description: none -->
<!DOCTYPE module PUBLIC "-//Checkstyle//DTD Check Configuration 1.3//EN" "https://checkstyle.org/dtds/configuration_1_3.dtd">
<module name="Checker">
    <property name="severity" value="warning" />

    <module name="Header">
        <property name="headerFile" value="${config_loc}/java.header" />
    </module>

    <module name="TreeWalker">

        <module name="MethodLimit">
            <property name="max" value="1" />
            <message key="methodlimit" value="Man, only {0} methods allowed." />
        </module>
        
        <!-- <module name="LineLength"> <property name="max" value="${maxLineLength}"/> </module> -->

        <module name="Regexp">
            <property name="format"
                value="(interface [a-zA-Z0-9 &lt;&gt;,\./*?[\s]]* \{)|((@Immutable|@ThreadSafe|@NotThreadSafe)(.*[\n])*.*(class|enum) [a-zA-Z0-9\s&lt;&gt;,\./*?]* \{)" />
            <property name="message" value="Classes should be annotated with @Immutable, @ThreadSafe or @NotThreadSafe" />
            <property name="illegalPattern" value="false" />
        </module>
    </module>
</module>
