<?xml version="1.0" encoding="UTF-8"?>
<!DOCTYPE checkstyle-metadata PUBLIC
"-//eclipse-cs//DTD Check Metadata 1.1//EN"
"http://eclipse-cs.sourceforge.net/dtds/checkstyle-metadata_1_1.dtd">
<checkstyle-metadata>
    <rule-group-metadata name="%Modifiers.group" priority="700">

        <rule-metadata name="%ModifierOrder.name" internal-name="ModifierOrder" parent="TreeWalker">
            <alternative-name internal-name="com.puppycrawl.tools.checkstyle.checks.modifier.ModifierOrderCheck"/>
            <description>%ModifierOrder.desc</description>
            <quickfix classname="net.sf.eclipsecs.ui.quickfixes.modifier.ModifierOrderQuickfix"/>
            <message-key key="mod.order"/>
            <message-key key="annotation.order"/>
        </rule-metadata>

        <rule-metadata name="%RedundantModifier.name" internal-name="RedundantModifier" parent="TreeWalker">
            <alternative-name internal-name="com.puppycrawl.tools.checkstyle.checks.modifier.RedundantModifierCheck"/>
            <description>%RedundantModifier.desc</description>
            <property-metadata name="tokens" datatype="MultiCheck"
                default-value="METHOD_DEF,VARIABLE_DEF,ANNOTATION_FIELD_DEF,INTERFACE_DEF,CTOR_DEF,CLASS_DEF,ENUM_DEF,RESOURCE">
                <description>%RedundantModifier.tokens</description>
                <enumeration>
                    <property-value-option value="METHOD_DEF"/>
                    <property-value-option value="VARIABLE_DEF"/>
                    <property-value-option value="ANNOTATION_FIELD_DEF"/>
                    <property-value-option value="INTERFACE_DEF"/>
                    <property-value-option value="CTOR_DEF"/>
                    <property-value-option value="CLASS_DEF"/>
                    <property-value-option value="ENUM_DEF"/>
                    <property-value-option value="RESOURCE"/>
                </enumeration>
            </property-metadata>
            <quickfix classname="net.sf.eclipsecs.ui.quickfixes.modifier.RedundantModifierQuickfix"/>
            <message-key key="redundantModifier"/>
        </rule-metadata>

        <rule-metadata name="%InterfaceMemberImpliedModifier.name" internal-name="InterfaceMemberImpliedModifier" parent="TreeWalker">
            <alternative-name internal-name="com.puppycrawl.tools.checkstyle.checks.modifier.InterfaceMemberImpliedModifierCheck"/>
            <description>%InterfaceMemberImpliedModifier.desc</description>
            <property-metadata name="violateImpliedPublicField" datatype="Boolean" default-value="true">
                <description>%InterfaceMemberImpliedModifier.violateImpliedPublicField</description>
            </property-metadata>
            <property-metadata name="violateImpliedStaticField" datatype="Boolean" default-value="true">
                <description>%InterfaceMemberImpliedModifier.violateImpliedStaticField</description>
            </property-metadata>
            <property-metadata name="violateImpliedFinalField" datatype="Boolean" default-value="true">
                <description>%InterfaceMemberImpliedModifier.violateImpliedFinalField</description>
            </property-metadata>
            <property-metadata name="violateImpliedPublicMethod" datatype="Boolean" default-value="true">
                <description>%InterfaceMemberImpliedModifier.violateImpliedPublicMethod</description>
            </property-metadata>
            <property-metadata name="violateImpliedAbstractMethod" datatype="Boolean" default-value="true">
                <description>%InterfaceMemberImpliedModifier.violateImpliedAbstractMethod</description>
            </property-metadata>
            <property-metadata name="violateImpliedPublicNested" datatype="Boolean" default-value="true">
                <description>%InterfaceMemberImpliedModifier.violateImpliedPublicNested</description>
            </property-metadata>
            <property-metadata name="violateImpliedStaticNested" datatype="Boolean" default-value="true">
                <description>%InterfaceMemberImpliedModifier.violateImpliedStaticNested</description>
            </property-metadata>
            <message-key key="interface.implied.modifier"/>
        </rule-metadata>
        
        <rule-metadata name="%ClassMemberImpliedModifier.name" internal-name="ClassMemberImpliedModifier" parent="TreeWalker">
            <alternative-name internal-name="com.puppycrawl.tools.checkstyle.checks.modifier.ClassMemberImpliedModifierCheck"/>
            <description>%ClassMemberImpliedModifier.desc</description>
            <property-metadata name="violateImpliedStaticOnNestedEnum" datatype="Boolean" default-value="true">
                <description>%ClassMemberImpliedModifier.violateImpliedStaticOnNestedEnum</description>
            </property-metadata>
            <property-metadata name="violateImpliedStaticOnNestedInterface" datatype="Boolean" default-value="true">
                <description>%ClassMemberImpliedModifier.violateImpliedStaticOnNestedInterface</description>
            </property-metadata>
            <message-key key="class.implied.modifier"/>
        </rule-metadata>
    </rule-group-metadata>

</checkstyle-metadata>
