<?xml version="1.0" encoding="UTF-8"?>
<!DOCTYPE checkstyle-metadata PUBLIC
"-//eclipse-cs//DTD Check Metadata 1.1//EN"
"http://eclipse-cs.sourceforge.net/dtds/checkstyle-metadata_1_1.dtd">
<checkstyle-metadata>
    <rule-group-metadata name="My custom checks"  priority="1600">
        <description>%MyCustomChecks.desc</description>

        <rule-metadata name="LinesOfCommentsCheck.name" internal-name="LinesOfCommentsCheck" parent="TreeWalker">
            <alternative-name internal-name="project.checks.LinesOfCommentsCheck" />
            <description>%LinesOfCommentsCheck.desc</description>            
        </rule-metadata>
        <rule-metadata name="NumberOfCommentsCheck.name" internal-name="NumberOfCommentsCheck" parent="TreeWalker">
            <alternative-name internal-name="project.checks.NumberOfCommentsCheck" />
            <description>%NumberOfCommentsCheck.desc</description>            
        </rule-metadata>
        <rule-metadata name="LoopingStatementsCheck.name" internal-name="LoopingStatementsCheck" parent="TreeWalker">
            <alternative-name internal-name="project.checks.LoopingStatementsCheck" />
            <description>%LoopingStatementsCheck.desc</description>            
        </rule-metadata>
        <rule-metadata name="OperatorCheck.name" internal-name="OperatorCheck" parent="TreeWalker">
            <alternative-name internal-name="project.checks.OperatorCheck" />
            <description>%OperatorCheck.desc</description>            
        </rule-metadata>
        <rule-metadata name="OperandCheck.name" internal-name="OperandCheck" parent="TreeWalker">
            <alternative-name internal-name="project.checks.OperandCheck" />
            <description>%OperandCheck.desc</description>            
        </rule-metadata>
        <rule-metadata name="ExpressionCheck.name" internal-name="ExpressionCheck" parent="TreeWalker">
            <alternative-name internal-name="project.checks.ExpressionCheck" />
            <description>%ExpressionCheck.desc</description>            
        </rule-metadata>
        <rule-metadata name="HalsteadLengthCheck.name" internal-name="HalsteadLengthCheck" parent="TreeWalker">
            <alternative-name internal-name="project.checks.HalsteadLengthCheck" />
            <description>%HalsteadLengthCheck.desc</description>            
        </rule-metadata>
        <rule-metadata name="HalsteadVocabularyCheck.name" internal-name="HalsteadVocabularyCheck" parent="TreeWalker">
            <alternative-name internal-name="project.checks.HalsteadVocabularyCheck" />
            <description>%HalsteadVocabularyCheck.desc</description>            
        </rule-metadata>
        <rule-metadata name="HalsteadVolumeCheck.name" internal-name="HalsteadVolumeCheck" parent="TreeWalker">
            <alternative-name internal-name="project.checks.HalsteadVolumeCheck" />
            <description>%HalsteadVolumeCheck.desc</description>            
        </rule-metadata>
        <rule-metadata name="HalsteadDifficultyCheck.name" internal-name="HalsteadDifficultyCheck" parent="TreeWalker">
            <alternative-name internal-name="project.checks.HalsteadDifficultyCheck" />
            <description>%HalsteadDifficultyCheck.desc</description>            
        </rule-metadata>
        <rule-metadata name="HalsteadEffortCheck.name" internal-name="HalsteadEffortCheck" parent="TreeWalker">
            <alternative-name internal-name="project.checks.HalsteadEffortCheck" />
            <description>%HalsteadEffortCheck.desc</description>            
        </rule-metadata>
    </rule-group-metadata>
</checkstyle-metadata>
