<?xml version='1.0' encoding='UTF-8'?>
<?compositeMetadataRepository version='1.0.0'?>
<repository name='Eclipse Checkstyle Plugin' type='org.eclipse.equinox.internal.p2.metadata.repository.CompositeMetadataRepository'
    version='1.0.0'>
    <properties size='2'>
        <property name='p2.compressed' value='true' />
        <!-- get new time w/ date +%s000 -->
        <property name='p2.timestamp' value='202008141927' />
    </properties>
    <children size='2'>
        <child location='https://dl.bintray.com/eclipse-cs/eclipse-cs/8.35.0/' />
        <child location='https://sevntu-checkstyle.github.io/sevntu.checkstyle/update-site/' />
    </children>
</repository>