<?xml version="1.0" encoding="UTF-8"?>
<!DOCTYPE checkstyle-metadata PUBLIC
"-//eclipse-cs//DTD Check Metadata 1.1//EN"
"http://eclipse-cs.sourceforge.net/dtds/checkstyle-metadata_1_1.dtd">
<checkstyle-metadata>
    <rule-group-metadata name="%Annotation.group" priority="100">

        <rule-metadata name="%AnnotationUseStyle.name" internal-name="AnnotationUseStyle" parent="TreeWalker">
            <alternative-name internal-name="com.puppycrawl.tools.checkstyle.checks.annotation.AnnotationUseStyleCheck" />
            <description>%AnnotationUseStyle.desc</description>
            <property-metadata name="elementStyle" datatype="SingleSelect" default-value="compact_no_array">
                <description>%AnnotationUseStyle.elementStyle</description>
                <enumeration>
                    <property-value-option value="expanded" />
                    <property-value-option value="compact" />
                    <property-value-option value="compact_no_array" />
                    <property-value-option value="ignore" />
                </enumeration>
            </property-metadata>
            <property-metadata name="closingParens" datatype="SingleSelect" default-value="never">
                <description>%AnnotationUseStyle.closingParens</description>
                <enumeration>
                    <property-value-option value="always" />
                    <property-value-option value="never" />
                    <property-value-option value="ignore" />
                </enumeration>
            </property-metadata>
            <property-metadata name="trailingArrayComma" datatype="SingleSelect" default-value="never">
                <description>%AnnotationUseStyle.trailingArrayComma</description>
                <enumeration>
                    <property-value-option value="always" />
                    <property-value-option value="never" />
                    <property-value-option value="ignore" />
                </enumeration>
            </property-metadata>
            <message-key key="annotation.incorrect.style" />
            <message-key key="annotation.trailing.comma.missing" />
            <message-key key="annotation.trailing.comma.present" />
            <message-key key="annotation.parens.missing" />
            <message-key key="annotation.parens.present" />
        </rule-metadata>

        <rule-metadata name="%MissingDeprecated.name" internal-name="MissingDeprecated" parent="TreeWalker">
            <alternative-name internal-name="com.puppycrawl.tools.checkstyle.checks.annotation.MissingDeprecatedCheck" />
            <description>%MissingDeprecated.desc</description>
            <property-metadata name="violateExecutionOnNonTightHtml" datatype="Boolean" default-value="false">
                <description>%MissingDeprecated.violateExecutionOnNonTightHtml</description>
            </property-metadata>
            <message-key key="annotation.missing.deprecated" />
            <message-key key="javadoc.duplicateTag" />
            <message-key key="javadoc.missed.html.close" />
            <message-key key="javadoc.parse.rule.error" />
            <message-key key="javadoc.wrong.singleton.html.tag" />
        </rule-metadata>

        <rule-metadata name="%MissingOverride.name" internal-name="MissingOverride" parent="TreeWalker">
            <alternative-name internal-name="com.puppycrawl.tools.checkstyle.checks.annotation.MissingOverrideCheck" />
            <description>%MissingOverride.desc</description>
            <property-metadata name="javaFiveCompatibility" datatype="Boolean" default-value="false">
                <description>%MissingOverride.javaFiveCompatibility</description>
            </property-metadata>
            <message-key key="tag.not.valid.on" />
            <message-key key="annotation.missing.override" />
        </rule-metadata>

        <rule-metadata name="%PackageAnnotation.name" internal-name="PackageAnnotation" parent="TreeWalker">
            <alternative-name internal-name="com.puppycrawl.tools.checkstyle.checks.annotation.PackageAnnotationCheck" />
            <description>%PackageAnnotation.desc</description>
            <message-key key="annotation.package.location" />
        </rule-metadata>

        <rule-metadata name="%SuppressWarnings.name" internal-name="SuppressWarnings" parent="TreeWalker">
            <alternative-name internal-name="com.puppycrawl.tools.checkstyle.checks.annotation.SuppressWarningsCheck" />
            <description>%SuppressWarnings.desc</description>
            <property-metadata name="format" datatype="Regex" default-value="^$|^\s+$">
                <description>%SuppressWarnings.format</description>
            </property-metadata>
            <property-metadata name="tokens" datatype="MultiCheck"
                default-value="CLASS_DEF,INTERFACE_DEF,ENUM_DEF,ANNOTATION_DEF,ANNOTATION_FIELD_DEF,ENUM_CONSTANT_DEF,PARAMETER_DEF,VARIABLE_DEF,METHOD_DEF,CTOR_DEF">
                <description>%SuppressWarnings.tokens</description>
                <enumeration>
                    <property-value-option value="CLASS_DEF" />
                    <property-value-option value="INTERFACE_DEF" />
                    <property-value-option value="ENUM_DEF" />
                    <property-value-option value="ANNOTATION_DEF" />
                    <property-value-option value="ANNOTATION_FIELD_DEF" />
                    <property-value-option value="ENUM_CONSTANT_DEF" />
                    <property-value-option value="PARAMETER_DEF" />
                    <property-value-option value="VARIABLE_DEF" />
                    <property-value-option value="METHOD_DEF" />
                    <property-value-option value="CTOR_DEF" />
                </enumeration>
            </property-metadata>
            <message-key key="suppressed.warning.not.allowed" />
        </rule-metadata>

        <rule-metadata name="%AnnotationLocation.name" internal-name="AnnotationLocation" parent="TreeWalker">
            <alternative-name internal-name="com.puppycrawl.tools.checkstyle.checks.annotation.AnnotationLocationCheck" />
            <description>%AnnotationLocation.desc</description>
            <property-metadata name="tokens" datatype="MultiCheck"
                default-value="CLASS_DEF,INTERFACE_DEF,PACKAGE_DEF,ENUM_CONSTANT_DEF,ENUM_DEF,METHOD_DEF,CTOR_DEF,VARIABLE_DEF">
                <description>%AnnotationLocation.tokens</description>
                <enumeration>
                    <property-value-option value="CLASS_DEF" />
                    <property-value-option value="INTERFACE_DEF" />
                    <property-value-option value="PACKAGE_DEF" />
                    <property-value-option value="ENUM_CONSTANT_DEF" />
                    <property-value-option value="ENUM_DEF" />
                    <property-value-option value="METHOD_DEF" />
                    <property-value-option value="CTOR_DEF" />
                    <property-value-option value="VARIABLE_DEF" />
                    <property-value-option value="ANNOTATION_DEF" />
                    <property-value-option value="ANNOTATION_FIELD_DEF" />
                </enumeration>
            </property-metadata>
            <property-metadata name="allowSamelineSingleParameterlessAnnotation" datatype="Boolean"
                default-value="true">
                <description>%AnnotationLocation.allowSamelineSingleParameterlessAnnotation</description>
            </property-metadata>
            <property-metadata name="allowSamelineParameterizedAnnotation" datatype="Boolean"
                default-value="false">
                <description>%AnnotationLocation.allowSamelineParameterizedAnnotation</description>
            </property-metadata>
            <property-metadata name="allowSamelineMultipleAnnotations" datatype="Boolean"
                default-value="false">
                <description>%AnnotationLocation.allowSamelineMultipleAnnotations</description>
            </property-metadata>
            <message-key key="annotation.location.alone" />
            <message-key key="annotation.location" />
        </rule-metadata>

        <rule-metadata name="%AnnotationOnSameLine.name" internal-name="AnnotationOnSameLine" parent="TreeWalker">
            <alternative-name internal-name="com.puppycrawl.tools.checkstyle.checks.annotation.AnnotationOnSameLineCheck" />
            <description>%AnnotationOnSameLine.desc</description>
            <property-metadata name="tokens" datatype="MultiCheck"
                default-value="CLASS_DEF,INTERFACE_DEF,ENUM_DEF,METHOD_DEF,CTOR_DEF,VARIABLE_DEF">
                <description>%AnnotationOnSameLine.tokens</description>
                <enumeration>
                    <property-value-option value="CLASS_DEF" />
                    <property-value-option value="INTERFACE_DEF" />
                    <property-value-option value="ENUM_DEF" />
                    <property-value-option value="METHOD_DEF" />
                    <property-value-option value="CTOR_DEF" />
                    <property-value-option value="VARIABLE_DEF" />
                    <property-value-option value="PARAMETER_DEF" />
                    <property-value-option value="ANNOTATION_DEF" />
                    <property-value-option value="TYPECAST" />
                    <property-value-option value="LITERAL_THROWS" />
                    <property-value-option value="IMPLEMENTS_CLAUSE" />
                    <property-value-option value="TYPE_ARGUMENT" />
                    <property-value-option value="LITERAL_NEW" />
                    <property-value-option value="DOT" />
                    <property-value-option value="ANNOTATION_FIELD_DEF" />
                </enumeration>
            </property-metadata>
            <message-key key="annotation.same.line" />
        </rule-metadata>
    </rule-group-metadata>
</checkstyle-metadata>
