<?xml version="1.0" encoding="UTF-8"?>
<!DOCTYPE checkstyle-metadata PUBLIC
"-//eclipse-cs//DTD Check Metadata 1.1//EN"
"http://eclipse-cs.sourceforge.net/dtds/checkstyle-metadata_1_1.dtd">
<checkstyle-metadata>
    <rule-group-metadata name="%Blocks.group" priority="800">

        <rule-metadata name="%AvoidNestedBlocks.name" internal-name="AvoidNestedBlocks" parent="TreeWalker">
            <alternative-name internal-name="com.puppycrawl.tools.checkstyle.checks.blocks.AvoidNestedBlocksCheck"/>
            <description>%AvoidNestedBlocks.desc</description>
            <property-metadata name="allowInSwitchCase" datatype="Boolean" default-value="false">
                <description>%AvoidNestedBlocks.allowInSwitchCase</description>
            </property-metadata>
            <quickfix classname="net.sf.eclipsecs.ui.quickfixes.blocks.AvoidNestedBlocksQuickfix"/>
            <message-key key="block.nested"/>
        </rule-metadata>

        <rule-metadata name="%EmptyBlock.name" internal-name="EmptyBlock" parent="TreeWalker">
            <alternative-name internal-name="com.puppycrawl.tools.checkstyle.checks.blocks.EmptyBlockCheck"/>
            <description>%EmptyBlock.desc</description>
            <property-metadata name="option" datatype="SingleSelect" default-value="STATEMENT">
                <description>%EmptyBlock.option</description>
                <enumeration option-provider="com.puppycrawl.tools.checkstyle.checks.blocks.BlockOption"/>
            </property-metadata>
            <property-metadata name="tokens" datatype="MultiCheck"
                default-value="LITERAL_WHILE,LITERAL_TRY,LITERAL_FINALLY,LITERAL_DO,LITERAL_IF,LITERAL_ELSE,LITERAL_FOR,INSTANCE_INIT,STATIC_INIT,LITERAL_SWITCH,LITERAL_SYNCHRONIZED">
                <description>%EmptyBlock.tokens</description>
                <enumeration>
                    <property-value-option value="LITERAL_WHILE"/>
                    <property-value-option value="LITERAL_TRY"/>
                    <property-value-option value="LITERAL_CATCH"/>
                    <property-value-option value="LITERAL_FINALLY"/>
                    <property-value-option value="LITERAL_DO"/>
                    <property-value-option value="LITERAL_IF"/>
                    <property-value-option value="LITERAL_ELSE"/>
                    <property-value-option value="LITERAL_FOR"/>
                    <property-value-option value="INSTANCE_INIT"/>
                    <property-value-option value="STATIC_INIT"/>
                    <property-value-option value="LITERAL_SWITCH"/>
                    <property-value-option value="LITERAL_SYNCHRONIZED"/>
                    <property-value-option value="LITERAL_CASE"/>
                    <property-value-option value="LITERAL_DEFAULT"/>
                    <property-value-option value="ARRAY_INIT"/>
                </enumeration>
            </property-metadata>
            <message-key key="block.noStatement"/>
            <message-key key="block.empty"/>
        </rule-metadata>

        <rule-metadata name="%EmptyCatchBlock.name" internal-name="EmptyCatchBlock" parent="TreeWalker">
            <alternative-name internal-name="com.puppycrawl.tools.checkstyle.checks.blocks.EmptyCatchBlockCheck"/>
            <description>%EmptyCatchBlock.desc</description>
            <property-metadata name="exceptionVariableName" datatype="Regex" default-value="^$">
                <description>%EmptyCatchBlock.exceptionVariableName</description>
            </property-metadata>
            <property-metadata name="commentFormat" datatype="Regex" default-value=".*">
                <description>%EmptyCatchBlock.commentFormat</description>
            </property-metadata>
            <message-key key="catch.block.empty"/>
        </rule-metadata>

        <rule-metadata name="%LeftCurly.name" internal-name="LeftCurly" parent="TreeWalker">
            <alternative-name internal-name="com.puppycrawl.tools.checkstyle.checks.blocks.LeftCurlyCheck"/>
            <description>%LeftCurly.desc</description>
            <property-metadata name="option" datatype="SingleSelect" default-value="eol">
                <description>%LeftCurly.option</description>
                <enumeration option-provider="com.puppycrawl.tools.checkstyle.checks.blocks.LeftCurlyOption"/>
            </property-metadata>
            <property-metadata name="ignoreEnums" datatype="Boolean" default-value="true">
                <description>%LeftCurly.ignoreEnums</description>
            </property-metadata>
            <property-metadata name="tokens" datatype="MultiCheck"
                default-value="ANNOTATION_DEF,CLASS_DEF,CTOR_DEF,ENUM_CONSTANT_DEF,ENUM_DEF,INTERFACE_DEF,LAMBDA,LITERAL_CASE,LITERAL_CATCH,LITERAL_DEFAULT,LITERAL_DO,LITERAL_ELSE,LITERAL_FINALLY,LITERAL_FOR,LITERAL_IF,LITERAL_SWITCH,LITERAL_SYNCHRONIZED,LITERAL_TRY,LITERAL_WHILE,METHOD_DEF,OBJBLOCK,STATIC_INIT">
                <description>%LeftCurly.tokens</description>
                <enumeration>
                    <property-value-option value="ANNOTATION_DEF"/>
                    <property-value-option value="CLASS_DEF"/>
                    <property-value-option value="CTOR_DEF"/>
                    <property-value-option value="ENUM_CONSTANT_DEF"/>
                    <property-value-option value="ENUM_DEF"/>
                    <property-value-option value="INTERFACE_DEF"/>
                    <property-value-option value="LAMBDA"/>
                    <property-value-option value="LITERAL_CASE"/>
                    <property-value-option value="LITERAL_CATCH"/>
                    <property-value-option value="LITERAL_DEFAULT"/>
                    <property-value-option value="LITERAL_DO"/>
                    <property-value-option value="LITERAL_ELSE"/>
                    <property-value-option value="LITERAL_FINALLY"/>
                    <property-value-option value="LITERAL_FOR"/>
                    <property-value-option value="LITERAL_IF"/>
                    <property-value-option value="LITERAL_SWITCH"/>
                    <property-value-option value="LITERAL_SYNCHRONIZED"/>
                    <property-value-option value="LITERAL_TRY"/>
                    <property-value-option value="LITERAL_WHILE"/>
                    <property-value-option value="METHOD_DEF"/>
                    <property-value-option value="OBJBLOCK"/>
                    <property-value-option value="STATIC_INIT"/>
                </enumeration>
            </property-metadata>
            <message-key key="line.new"/>
            <message-key key="line.previous"/>
            <message-key key="line.break.after"/>
        </rule-metadata>

        <rule-metadata name="%NeedBraces.name" internal-name="NeedBraces" parent="TreeWalker">
            <alternative-name internal-name="com.puppycrawl.tools.checkstyle.checks.blocks.NeedBracesCheck"/>
            <description>%NeedBraces.desc</description>
            <property-metadata name="tokens" datatype="MultiCheck"
                default-value="LITERAL_DO,LITERAL_ELSE,LITERAL_FOR,LITERAL_IF,LITERAL_WHILE">
                <description>%NeedBraces.tokens</description>
                <enumeration>
                    <property-value-option value="LITERAL_DO"/>
                    <property-value-option value="LITERAL_ELSE"/>
                    <property-value-option value="LITERAL_IF"/>
                    <property-value-option value="LITERAL_FOR"/>
                    <property-value-option value="LITERAL_WHILE"/>
                    <property-value-option value="LITERAL_DEFAULT"/>
                    <property-value-option value="LITERAL_CASE"/>
                    <property-value-option value="LAMBDA"/>
                </enumeration>
            </property-metadata>
            <property-metadata name="allowSingleLineStatement" datatype="Boolean" default-value="false">
                <description>%NeedBraces.allowSingleLineStatement</description>
            </property-metadata>
            <property-metadata name="allowEmptyLoopBody" datatype="Boolean" default-value="false">
                <description>%NeedBraces.allowEmptyLoopBody</description>
            </property-metadata>
            <quickfix classname="net.sf.eclipsecs.ui.quickfixes.blocks.NeedBracesQuickfix"/>
            <message-key key="needBraces"/>
        </rule-metadata>

        <rule-metadata name="%RightCurly.name" internal-name="RightCurly" parent="TreeWalker">
            <alternative-name internal-name="com.puppycrawl.tools.checkstyle.checks.blocks.RightCurlyCheck"/>
            <description>%RightCurly.desc</description>
            <property-metadata name="option" datatype="SingleSelect" default-value="same">
                <description>%RightCurly.option</description>
                <enumeration option-provider="com.puppycrawl.tools.checkstyle.checks.blocks.RightCurlyOption"/>
            </property-metadata>
            <property-metadata name="tokens" datatype="MultiCheck"
                default-value="LITERAL_TRY,LITERAL_CATCH,LITERAL_FINALLY,LITERAL_IF,LITERAL_ELSE">
                <description>%RightCurly.tokens</description>
                <enumeration>
                    <property-value-option value="LITERAL_TRY"/>
                    <property-value-option value="LITERAL_CATCH"/>
                    <property-value-option value="LITERAL_FINALLY"/>
                    <property-value-option value="LITERAL_IF"/>
                    <property-value-option value="LITERAL_ELSE"/>
                    <property-value-option value="CLASS_DEF"/>
                    <property-value-option value="METHOD_DEF"/>
                    <property-value-option value="CTOR_DEF"/>
                    <property-value-option value="LITERAL_FOR"/>
                    <property-value-option value="LITERAL_WHILE"/>
                    <property-value-option value="LITERAL_DO"/>
                    <property-value-option value="STATIC_INIT"/>
                    <property-value-option value="INSTANCE_INIT"/>
                    <property-value-option value="ANNOTATION_DEF"/>
                    <property-value-option value="ENUM_DEF"/>
                    <property-value-option value="INTERFACE_DEF"/>
                </enumeration>
            </property-metadata>
            <message-key key="line.alone"/>
            <message-key key="line.same"/>
            <message-key key="line.break.before"/>
        </rule-metadata>


    </rule-group-metadata>
</checkstyle-metadata>
